cs-16_roi-4,cs-16_roi-5,cs-16_roi-6,cs-16_roi-7,cs-16_roi-8,cs-16_roi-9,cs-16_roi-11,cs-16_roi-12,cs-18_roi-4,cs-18_roi-5,cs-18_roi-6,cs-18_roi-7,cs-18_roi-8,cs-18_roi-9,cs-18_roi-10,cs-18_roi-11,cs-18_roi-12,cs-19_roi-4,cs-19_roi-5,cs-19_roi-6,cs-19_roi-7,cs-19_roi-8,cs-19_roi-9,cs-19_roi-10,cs-19_roi-11,cs-19_roi-12,cs-19_roi-13,cs-19_roi-14,cs-19_roi-15,cs-19_roi-16,cs-19_roi-18
1.0588772149049996,1.048223192570011,1.0567342873099543,1.02839986416632,1.0709059723196037,1.0277730032900738,1.022611961087705,1.0366023320203044,1.0882150071629648,1.0886936192428702,1.0824489421631043,1.0569684520279328,1.1112393582565427,1.0645745966413809,1.1089593229450476,1.1133926013516893,1.0798783213612015,0.9575646446231154,0.9766902617538242,0.9961711611046343,0.9106437539395436,0.904479312326055,0.9929909999046328,0.9793561804866125,0.9557375591419296,0.9979788944311148,1.059618369495358,0.9514746118163167,1.0153918570677238,0.9893618756541643,0.932484282766759
1.0538177934343647,1.0533338499112512,1.0528305587968667,1.0239165715819158,1.0618745924377258,1.0337286159280334,1.0278004181637996,1.043773475283154,1.0749119177055881,1.0766220710198646,1.0929656752610417,1.0514163408929946,1.1158014897293325,1.034841178284293,1.0902334973199586,1.1111473694553828,1.0704827808494013,0.9647715654701301,0.9646304426597095,0.9824435947362045,0.9137887189685596,0.8980873069034601,0.982799884569487,0.9865128688640702,0.9603469215707524,1.000910685577208,1.02833335572341,0.9368847434134383,1.0042290212760856,0.980382694505317,0.9476859245942847
1.0539308792197115,1.0560207372687749,1.0449606572611665,1.0335509322036658,1.0581220198411332,1.0375302265409136,1.027718615525026,1.0480415485586196,1.0529776006387161,1.0650738723169906,1.0742501060349476,1.0399853168858726,1.095732596641851,1.0023650283531993,1.062676928673246,1.0919501608183804,1.0574467519726918,0.974502257885531,0.9580023787076312,0.9840120759196399,0.9158680381531347,0.933173038468889,1.0095529666662546,1.014795767994757,0.9855593292659742,1.0051852835046953,1.0497254217939305,0.9341975302597872,1.0125702363713318,0.9843850040064083,0.9642727538931626
1.0536443100896145,1.0470925797143198,1.0433693777399637,1.0435099531855816,1.0519828931073345,1.0249661610313103,1.0207008223895986,1.0411712870714098,1.0578768264615919,1.0633815849204988,1.0509739462995233,1.0497552317170822,1.0779324496262643,1.003213156705073,1.0519180872302278,1.0764666212093716,1.0439562476822537,0.9833809237877429,0.969937013518019,1.0038034220580143,0.9286326677799039,0.9811813983906379,1.0677374727034685,1.0492455457010137,0.9952608463921819,1.0053269997929875,1.08792745454148,0.9653493632887824,1.0272888181268736,0.9955826123852575,0.961081788514476
1.0555366934780968,1.0381530584398087,1.0424506394334097,1.0290294281639272,1.0367280730597763,1.0247357140006688,1.0196354204661668,1.0174244812386048,1.0622714759573502,1.0620904212216533,1.0539443655700955,1.0275332027773771,1.0640438102204133,1.0237813404878076,1.0525735745929063,1.062733924227979,1.0335266004333585,0.9863013221891473,0.9776600653885102,0.9962266620439832,0.937575470196273,0.972682604119237,1.0589981702787044,1.05251469106645,0.992436208236024,1.0076347547478042,1.0422742646012007,0.9987584063575118,1.0392155839021906,1.008157513673506,0.9544783095252538
1.0556476031211126,1.0364830760164003,1.0351147678541344,1.034842341408073,1.0347097016686762,1.0316993278329523,1.0213527313743338,1.00962464330846,1.0456465652140596,1.0530279036685972,1.0549873233810565,1.0041694115734676,1.0484112721915657,1.0299949809261042,1.0498339209606151,1.0614195447584267,1.0275931770952595,0.9761454646372366,0.9673134333236135,0.9916988690822507,0.9260213524743903,0.9489801704244196,1.0044903307210686,1.0600608377758864,1.0044172543129894,0.9892629707128676,1.0082299446912353,0.9885411214316797,1.0382931944185123,1.0037344820442573,0.9532553417133487
1.041959323678855,1.0300179587317333,1.0331758597590754,1.0534066041637409,1.0299087872480457,1.0333510630394223,1.0198122891354853,1.0326589803953559,1.0322360836515774,1.0339716917698907,1.029364473910392,0.9974921948004782,1.0516150316633035,0.998012381937136,1.0355847113034147,1.045215545787776,1.0189679893229138,0.958816178710114,0.9537619993395651,0.9900185348882422,0.9045948682561324,0.9244197242239532,0.9349226771737401,1.0374874271026941,0.9823324188833311,0.97325602139123,0.9841658120924547,0.9415185094620104,0.9914496613418968,0.9844688214901175,0.9549712691390541
1.0417583053146156,1.0232191651915843,1.0298888624727118,1.0449166736548805,1.0178231522793941,1.040361070962091,1.0179276184045645,1.0335749886137608,1.0294014031457543,1.04015110817901,1.0217642046210849,1.0005592090908084,1.0467501866377293,1.0056928594068528,1.0270908706997524,1.035276346449877,1.0134899041747598,0.9631759835839891,0.9682524326621409,0.9925179385490628,0.9239717981360719,0.950126467889143,0.9356655429667923,1.030581804721439,0.9710020108245421,0.9814979903157014,0.9761214447902613,0.9372752592806145,0.9787382979917515,0.9844248015628142,0.9533967942678608
1.0414435328014253,1.0248266108158237,1.024548548122261,1.0299392051361376,1.0011547613959546,1.0380683834167481,1.0138946420191515,1.0286080917300395,1.0278631292491944,1.0329343871417862,1.0320967921020145,1.0100833588805656,1.0472122866005085,1.0292876883824729,1.0286503815007622,1.0486826256953063,1.0457165689813153,0.9851303562017993,0.9786111085375468,0.9956737018872787,0.9558911463797788,0.9780678871720409,1.0192371090777848,1.0324923718370875,0.9772504316861718,0.9951565939204993,0.9788531507011369,0.9565149948975085,1.000514884534837,0.9846301686871456,0.9544232006686287
1.037513782540829,1.0254900501908026,1.0259001877502778,1.0215296597853911,1.0114206318161922,1.0271389492446517,1.0158110329573382,1.0309411635634544,1.0247786622749542,1.0042456136281404,1.0180449595855086,0.9764831101822422,1.0377832428270684,1.0078797072693801,1.0165518539366645,1.0260973708507481,1.0655255345527,0.9786580198450388,0.961285755873455,0.973534280851046,0.9484527631486049,0.9576030327365491,1.007253451806143,0.992522360640825,0.9649592768524645,0.9907580967959349,0.9889552666686922,0.9405854842660746,0.9970187240997372,0.9803733667486337,0.9646779150068222
1.0269678145195236,1.020402404431596,1.0233511241272182,1.0061518935460063,1.0177303621131044,1.0140108210338756,1.0193627975542872,1.0359070290616448,1.0240573367902122,1.0161472427318803,1.0300330284258183,0.9932958513207757,1.039984776635025,1.000400309030875,1.0127678829142641,1.026200770396798,1.0605914603979467,0.972734894734957,0.9759335299442046,0.9733610574677893,0.9410061418340386,0.9686415191855176,0.9842284281084841,0.9941697064533705,0.9764749548043947,1.0012243835645593,1.0178039532283465,0.9556751270380919,0.9956003154163823,0.9806228735481567,0.9712074621554023
1.0200878370422248,1.0168026448405063,1.0152216640541296,1.0165188887843049,1.009525837845018,1.0098148881036397,1.0155361610777303,1.0229545179581376,1.0226475793926249,1.0232805045370919,1.017211972621358,1.0182049059934666,1.0422015584488131,1.004604146657202,1.0095158920696057,1.0141952477885299,1.0511397762542096,0.9750023200768425,0.9923903624937475,0.9778332349968291,0.9707064302524522,0.9860425406898421,0.9856486693604235,1.0199374915497825,0.9761088018024845,1.0090239956213827,1.0310378798109952,0.9808276187028515,0.9879615145658219,0.965030489513284,0.9461757977578935
1.0284493036115767,1.024420434764339,1.0174973892596848,1.0435639836036574,1.0221525803973408,1.0172829487826665,1.0098669554677795,1.0140652645106292,1.0258737653701846,1.0386091857833772,1.0120384190379423,1.0229662035029912,1.02503184201066,1.02061293589651,1.0128286551385182,1.0076921357929327,1.031172947029831,0.9791023465399346,0.9897724491754858,0.9783072723691197,0.9902869178605235,0.9917475638790467,0.9993124824134988,0.9820569000227154,0.9737270238777275,0.9943646862420737,1.0766405823519767,0.9861059790259583,0.9893622914065606,0.9540750143822994,0.9456262613314802
1.0232743240807125,1.0225368521124165,1.0168796751125522,1.0417704201719005,1.0339830687320177,1.019671726582042,1.00541188622205,1.0317979720012573,1.0285011449872614,1.0236860139766286,1.0300135979993748,1.0199337217972417,1.0319433533238822,1.0300017749694015,1.01155300186834,1.0329949142702273,1.01932972800088,0.9753927133926487,0.9881144020742104,0.9831438860916717,0.9782971918380954,0.9666881294597591,1.0423053857381033,0.9380157518291127,0.9624447474530466,0.9964471078671465,1.036069696026373,0.9757719891831094,0.9945842450037815,0.9564480336196615,0.9581491070977235
1.0081935309453443,1.0100141311440833,1.0060024477968383,1.0191472266762378,1.017958487401587,0.999554459494121,1.00036538454679,1.0056633724530915,1.0173411691447258,0.9942281879534637,1.0239724835965132,1.0150828696163907,1.0243052660828798,1.0048612115266526,1.003657505455357,1.0367624837746492,1.0062179517817695,0.9727740097245838,0.9762237535020901,0.9772297964714808,0.9625528377214768,0.9441410931776443,1.0099379896921001,0.9462135724153783,0.9603155171144243,0.9727121024321657,0.9220797720131751,0.9604887216139142,0.9750793873727,0.9622948248670335,0.9620879118674788
1.019549479455009,1.0077445413456347,1.0038149835549035,1.0075987968056739,1.0120706390553529,0.9982025128810045,1.0016133512308945,0.99612655049662,0.9996836869478627,1.0032083685804016,1.0067813477622436,1.0046428592090304,1.009380277672583,0.9769970282780825,1.0005343075630473,1.0066583579375978,1.0034034367514897,0.9876659573359308,1.001011553079637,0.9827372678336198,0.9619557375464202,0.9652282436091769,1.0126292840694675,0.9778263072381562,0.9960199650780359,0.9740598065330829,0.9607759349120597,1.0027372384431128,0.979366339385298,0.9944668604349577,0.9793307859548738
1.0607326909856483,1.0106541798947857,1.0043358458904492,1.026046354273766,1.0221874385520284,1.0049944751227795,1.0062420415128461,1.0220194064081864,0.9948810720393119,0.9967065267642584,0.9983399071870269,0.9855537166654436,1.0015022808252174,0.9620974612734128,0.9975046255709926,0.9865110009861149,1.004503133150424,0.9826213059688199,0.9918192514544976,0.9778468368060367,0.9430970437189702,0.9482359827144893,1.0339093623622633,1.0290353508297652,1.0090371122259123,1.0000380073720354,0.9771078872002836,1.0052830737296212,0.972205397026157,0.998538812389334,0.9792447263775025
1.065043743470681,1.008983211709962,1.00241882634489,1.0460343549621682,1.009176884505401,0.9911452979375427,0.998918862329048,1.0096208753984452,0.9971167933532623,1.0206794253176206,1.0139809610948947,1.0069640258720884,0.9975487271400528,1.0130135364197932,1.0037877631095173,1.0108490406182498,1.002286393792268,0.9944753866865368,0.9896993981138335,0.9739218272348589,0.9611371818271778,0.9596611821312763,1.0223648600596498,1.0675197134048078,1.014704960625325,1.0130593195253748,0.9841272275616321,1.006077604636317,0.9901238519526523,1.0107982871752843,0.9880701987802871
1.0300934465341778,0.9976621427109836,0.9953030033174624,1.0338524228304138,0.9996782513611653,0.989877560987928,0.9911894797967461,0.9859056551750611,1.003661432135445,1.0340625684435427,1.025630183380543,1.0210513914876975,0.9936545258162054,1.0314864497928742,0.9993690427659299,1.0286059275070225,0.9942031813162717,1.0074403061992343,1.0139025887510995,0.987386177287697,0.9933657163396481,1.0047698854154352,1.011389964610153,1.0695777821524208,1.018908361009032,1.0074583615184665,1.0126378341826234,1.0021926359960853,1.025424743033501,1.0233143595463967,1.0102400882443647
1.01194962319192,0.9911447456892017,0.9895026396684551,1.00469174748003,0.9927973572145511,0.9848508034828789,0.9855621423379531,0.9784887951713764,1.0013764917614776,0.9996788960688319,1.0063850701006145,1.0102033077607415,0.9889907048848265,0.9937842622235885,0.9888092075557595,1.0096754426130259,0.9963981572987193,1.015837354591987,1.0128154080757164,0.9960309762310701,1.0213078885197533,1.0397769674304904,1.0166683308535824,1.0541680714285184,1.0355860542243804,1.0014977863734047,0.9795321672669043,1.0224937018283593,1.001322163573368,1.0238877174643195,1.0179256875624447
0.9993301849131919,0.9869318915558063,0.9854311346643646,0.9926249078627153,0.9847985748502596,0.9852564652753549,0.9905539957345814,0.9821982903644358,0.9878185687240146,0.9724816551722335,0.9565102636367172,1.0043969628804443,0.9700994730798566,1.0040737437441412,0.9776531223004739,0.9728805079757653,0.9974970583964498,1.0312728776975462,1.0167331390262375,1.000730258487047,1.046395531133991,1.047896454048881,1.0199031706702528,1.0407820899918347,1.0368502680825065,1.0009571482241484,0.9370447892670165,1.0360324161274888,0.9864743653009981,1.0225496923023933,1.0162857886815386
0.9866992446289155,0.9826665023349332,0.9844548684049549,0.9878439159274289,0.9879281896262166,0.9832054793983591,0.9943940750837525,0.9836108492861466,0.979582337526118,0.9807008249139822,0.9378886797457106,1.0023558789304337,0.9500538950607965,0.9974436436533591,0.9769695175833665,0.9569956579608067,0.9835233279154547,1.0176402351148595,1.0244658870984733,1.0130415410319582,1.0382113432142897,1.0514791407103026,0.9882631853261846,1.0533411082559538,1.0283245731592783,1.0128608056808113,0.9769854487644997,1.0240024359345743,1.0030934571081997,1.0165198417546328,1.0342140061700251
0.9787273812200296,0.98339956668293,0.9870961638693566,0.9703867909589291,0.9985818903395105,0.9793518034607548,0.9850375919893947,0.9751195797374597,0.9723135714148028,0.9809900629611753,0.9617494945954118,0.9942948588903842,0.9712087922541565,0.9966253527496021,0.9806064885878516,0.9563942077069509,0.9738659420996868,1.0131924772101155,1.0171070883009583,1.019801594411296,1.0629999531284855,1.0646049045124808,1.0031387712442212,1.0413856024162602,1.0316552904393408,1.0155541541171285,1.0102579289715365,1.0337434293889725,1.0145755185906524,1.0324456532169275,1.0348162259057179
0.9698160750355826,0.9883705178857007,0.9852244777512891,0.9672962815756411,0.9972363088936786,0.999240916942114,0.9881005168620411,1.0045557822537792,0.9709044307595979,0.9610704174564068,0.9666489918360783,0.9810257524731555,0.9731533722747316,0.9950147824221576,0.9797862591740144,0.9566622544205575,0.9676394547571323,1.027979747612431,1.0101214335925266,1.020519508815065,1.0580791311747648,1.0428553846532849,1.0105774370609082,0.9946623555822345,1.0195290295003492,0.9924646423970857,1.0187895059290155,1.0506762708317072,1.024782631423571,1.03927224331691,1.0258467201870924
0.9541711570317124,0.9850120660640068,0.9791535800792958,0.9677444230737998,0.9705995860612971,0.9890891787085752,0.9931584058691787,0.9914605072055712,0.9638702140202463,0.969274107749426,0.9650279827101199,0.9740814519714753,0.9715304334369137,0.9826668560988848,0.9708193336864002,0.9572252121685231,0.9587706798029607,1.0281169798393335,1.0150417667522458,1.017835040830589,1.0204309928039579,1.0254200874520496,0.9812522468761159,0.9794999177091123,1.010126920656858,0.9859297207533115,1.036360933969498,1.0301572508880759,1.0254237719525219,1.0186505939082566,1.0426965372208508
0.9418823451735235,0.9751949999361068,0.9736426082850477,0.964827589276378,0.9588900363590689,0.9732449408039113,0.9910275043992891,0.9744792903475097,0.9645221766869677,0.9778651513070477,0.9841698194070055,0.986386699883506,0.9817503255754839,1.000221801416591,0.9727705091118695,0.9686712292065032,0.9506548967286641,1.0306369310072228,1.0194134219561588,1.0259155408951222,1.0326843374949217,1.048924388350982,1.0005964368601177,0.9666210395842054,1.026471382252061,0.9881056778359821,0.9907098504762443,0.9955635171470583,1.0158827609116055,1.0147493687312605,1.0472693253474035
0.944932332583181,0.9653626327728504,0.9705210040018369,0.9503639091098841,0.9593182571387142,0.972318317248188,0.9806650596773754,0.9820048502513397,0.9675255782145246,0.9505554112390447,0.9713132437346367,1.002494157724329,0.9603464194935681,0.9819437540897019,0.9674864314176176,0.9749849653510485,0.948640598766529,1.0290759334509954,0.998334677749703,1.0291027534201758,1.0408852859112567,1.0422171637482796,0.9965821285373627,0.9682967190435678,1.0355122168538233,0.9892596756854153,0.9536077966716473,1.021810046077706,0.9920202655365578,1.0313432722755214,1.03030698606734
0.9413144785940877,0.9577588685302121,0.9670709304035512,0.9500824521848543,0.9606660598536771,0.9642736673875477,0.9770097764723339,0.9588904493804172,0.9577043005230891,0.9453468472838971,0.9652455032213274,1.0066785431143277,0.9517174622805586,0.984657649409448,0.9551837318616028,0.9738426240454864,0.9519296261039956,1.0296800486173079,1.009181598491689,1.0245549951480142,1.025812556320817,1.0458273765916297,0.9998584771443076,0.9836064573970038,1.0224476760355654,0.9822747225163488,0.9746677366423666,1.0342261667006587,1.0028300461640542,1.0226862803657752,1.0291937782189702
0.9367378066789122,0.9611957408660503,0.9695385464562732,0.9557601532234564,0.9613322191192888,0.9725203525467156,0.9853907787584173,0.9606197581990296,0.9466583991932361,0.9392296207010878,0.9625890499608085,0.9698232749457426,0.9497639343952828,0.9751176453713272,0.9543470553045301,0.9528463638895303,0.9585210359959263,1.0348429052051473,1.0561266595612835,1.0288273705373558,1.0404954621995177,1.045865825032543,1.0540868865298538,1.010354224600367,1.0237530518703912,1.0034584180299624,1.0816602648553741,1.045172040858883,1.0248387748437988,1.023659629436146,1.046278918067986
0.933389889481837,0.9642181924225091,0.9687942726789552,0.9476811702775224,0.9639395679835743,0.9746199618161813,0.9816995381429594,0.9637155789968853,0.9358503905671642,0.9266530370208492,0.9421707084793027,0.946041455058672,0.9398100215494759,0.9398678801503273,0.9530471537488625,0.9394323870943548,0.9755887319974348,1.0230749709894253,1.0370558173149924,1.019362377763726,1.04876889976381,1.0259261443804624,1.0050253790232684,0.9772698930359783,1.0163777194016042,1.0134608120310542,1.0510760967885941,1.0317308247066552,0.999050246421052,1.0145991646286425,1.0361815512485837
0.9337620768753384,0.9673722965878431,0.9678706601679742,0.9602648626419523,0.9733570657811671,0.9772140906978366,0.9815056600256217,0.9838354869722419,0.9432685060309296,0.9430683082420449,0.952645064519082,0.9602556273157475,0.9307443794891558,0.9930048894623466,0.9671048540943226,0.9491833721666001,0.9775274737282885,1.027623257042384,1.0509888889075223,1.024646064317777,1.0807168081930798,1.0741726176731101,0.9647419025918954,0.9707991892597923,1.0198513556565478,1.0143623139306124,0.9601455060958776,1.0281062243551122,1.0049717518150318,1.0165494255206151,1.0393776097505505
0.942302318690146,0.9661429165321744,0.9688885911630211,0.9686915422909032,0.9718061380202595,0.9923866560797697,0.9873092525232813,0.9904391736849819,0.9586887204149099,0.9654081626626807,0.963207019792615,0.9566261044564954,0.924696849055358,0.9960282708355198,0.9770826464469112,0.9471075828761932,0.9628274728662681,1.0362063580570893,1.0471268754442646,1.0226196675891555,1.09764767078904,1.0665538139067083,0.9702939097128365,0.9879659596538005,1.0247013352579397,1.024079438531744,0.9388593875778962,1.0402482592299511,1.004490481094453,1.0348590204484662,1.0678679336653174
0.9399134342037899,0.9618245891420274,0.9665742569070854,0.9598705597539141,0.9639859672660103,0.9791737960093629,0.983803355589795,0.9586288048204079,0.9683421975552055,0.9798187627234167,0.9629420605985665,0.9627760385977217,0.9208828586547758,0.9918618388239654,0.9762118233163243,0.9257783829439581,0.9555318596846043,1.033503303387031,1.0241558226792702,1.018087915098302,1.1076705151192858,1.0598978461538446,0.9579077153940813,0.9499299066365859,1.0121122070709814,1.0269102902951148,0.9640180213955095,1.0612624576023906,0.9961486773747373,1.0281949216912967,1.070250870826762
0.9315895703620272,0.9563668342072796,0.9625605923495165,0.941387390341287,0.9513984716712736,0.9670968195041457,0.9801152128379446,0.9500200150746286,0.9819761188081045,0.9785524073470618,0.9657429577722801,1.000966465571377,0.9249789255095722,1.009983806001991,0.9732165357150109,0.923594784346272,0.9512954963348323,1.0044285578750638,1.0297564187947519,1.008605643532628,1.1096510670915352,1.0254907629408707,0.9358061175751726,0.8721953396798446,0.9723622829609639,1.0199581296922804,0.983080299342783,1.0387849573692935,0.9564685158536804,0.9594780949259232,1.0583255357617753
0.9358376870122826,0.9531800095555578,0.9566112545010299,0.9551565930838618,0.9551761470041973,0.9700225477159115,0.9815066235224449,0.9520534850278551,0.9778703533399354,0.9471996491961195,0.9493703420183379,0.9964204981594241,0.9394371789121302,0.9785606479499234,0.9622728274219671,0.9252656369090535,0.9402346239833067,0.9987967493318419,1.0132531776552067,1.0086223153158955,1.1110405347098415,1.0136133518235653,0.9729138722222547,0.8685558741252095,0.9630324945625964,1.0114890964703822,0.9803373830939636,1.0312045999266453,0.9486000648096454,0.9488260594330434,1.0547868884277463
0.9369051230492319,0.9511626307214148,0.9561581261866632,0.9766005587144412,0.9650587820105734,0.9752165535881119,0.9835682302279998,0.9399269224294307,0.9455500920459985,0.9294679659996442,0.9316659090929753,0.963603557486788,0.9270609372541329,0.9825032921906693,0.9526212507445054,0.9015676521131333,0.9246139297259252,1.034223276830578,1.0311081488175817,1.0363036213084231,1.1220890166811748,1.0699977321650165,1.016169894962835,0.97963494793873,1.0189753107181498,1.015550613686063,1.0184965078041246,1.0562945195161726,1.0121869970224562,0.999547779412315,1.0611748409615607
0.9338096574324459,0.9404148754177133,0.9556013403997171,0.9641928892698932,0.9498615314358742,0.966132516342676,0.9841264671904966,0.9361869778309143,0.9296454495424304,0.923808014157397,0.9187740859701092,0.9449502658110782,0.9087613594471186,0.967169763244526,0.935433212610446,0.911657511038796,0.9196273453717447,1.0541631888815233,1.0550684112103828,1.0487668415656373,1.123742641698262,1.0920644560143957,0.9980710641282555,1.0025953456521877,1.041712014105525,1.0167708683618042,1.034816129201528,1.0666355815280668,1.021682621232438,1.0250877965815648,1.0695001270926692
0.9385141721244175,0.9357690646123666,0.95080546556254,0.961842221370655,0.9476874438218007,0.9551688920347783,0.9857271416238063,0.9475458394537619,0.9306950110104988,0.9136573906227703,0.907481739198186,0.9421120925566923,0.8997601629714649,0.964912869656655,0.9270376168357436,0.9040107332757552,0.9166319015056552,1.0632076363429976,1.069174308935658,1.0433410427687213,1.1273505481055963,1.1043467335671715,0.989989456426257,0.9862847628920144,1.0311073113750104,1.031577814302081,1.0241503847584548,1.0919391399038632,1.0102534642416616,1.0574692420228882,1.0790376081328814
0.9369378479738337,0.9411746144444254,0.9485884136600377,0.9524896788167729,0.9492377942580325,0.9589269990164125,0.9910516639760357,0.9569052939184529,0.9343147151912035,0.9298384033016012,0.921880256575269,0.9461699026680624,0.9216489079164676,0.9835347801944487,0.937631567417261,0.9004115977264043,0.9090990847018804,1.0582197329225471,1.067540583876536,1.038645776318254,1.1192645362914202,1.0915912180947962,0.9854632825481786,1.017293784138715,1.0594112131092068,1.0310355533108857,1.0147839189644208,1.0851619972047812,1.0262591376408758,1.0429729521653157,1.0783246182273836
0.936304252550249,0.9472164126814292,0.9505112646385395,0.9305875777823698,0.9424259573654838,0.9579125191056145,0.9857985665104451,0.9529507132552618,0.9406938511164961,0.9277971399203447,0.9156818946407808,0.9399587429326843,0.9267084299083679,0.9761912657985315,0.943370489927604,0.9225061344481214,0.9122444123039191,1.0396458037462752,1.0291202541917133,1.02602319840385,1.0793734917994415,1.0359844306294497,0.9498366917525058,0.974005029327113,1.0567590944729275,0.9892502205970398,0.953947391520849,1.045150028628837,1.012392181951169,1.0117360907455495,1.0678822975357192
0.9336674023425807,0.9453092769984857,0.9463238694407268,0.9322089341834753,0.9504123389139515,0.9547253564145622,0.9739919922444631,0.9351053494201365,0.944501339230114,0.9304891619790282,0.9265212257082291,0.9604822969539704,0.9197101335329703,1.0103186656969618,0.9432386103607046,0.9371766755669134,0.916705887022702,1.0364489799580134,1.0237650086724273,1.0215923564648337,1.0777577799236313,0.9934421970483441,0.9622422549150657,0.9526193904161921,1.023844395380441,0.9808339754377331,0.9441338347498582,1.0469566847123135,0.9851077944142127,0.9950854885890128,1.05884105138745
0.9227323423890718,0.9386693150174705,0.9413686168375875,0.9330124659797837,0.9394561664962299,0.951344238874196,0.9668260285776515,0.9307752100313417,0.9346951759830997,0.946082497944283,0.9238895298366407,0.9461223468918724,0.9295853192955608,0.9933087408502883,0.9382033687629572,0.9305353291100054,0.912476750884466,1.0435131342912605,1.0427614918550772,1.0354135682973142,1.1281271352419653,1.056963130341686,1.0103340667108311,0.9823854381404409,1.0317312187071195,1.0073095497919735,0.9993452733484702,1.0802764739881996,1.012080064573113,1.0157396812471557,1.0596137697386603
0.9219290943906853,0.9376319363512825,0.9390297430818713,0.9299517832682134,0.9337424415739353,0.9478903461609531,0.9598461198462879,0.9326649258875339,0.925235360206802,0.9308132799387369,0.8964635185326486,0.9417522498554669,0.9354491488210368,0.9729377843919449,0.9257235230935834,0.8878449510776468,0.9738740944285171,1.0552708226869403,1.0657923016251627,1.041778017290132,1.1588262594715755,1.118916881969263,1.0436612874614077,1.0014055049015085,1.0500066033886488,1.0338740085242364,1.0619239527147502,1.081425385108495,1.0523267368090168,1.0550073175260155,1.0857322792839366
0.9398950841763747,0.9541373784416106,0.9524588019613077,0.9335735102216384,0.9507897081523181,0.9604618314416843,0.9611697674171626,0.9264804305482752,0.9182430925895843,0.9071261676912646,0.8992170759905365,0.949102131099999,0.9142195666542523,0.9702450657362834,0.9160965847287209,0.8786149216899455,1.0694266309638671,1.0628987838731587,1.0614286609061554,1.0356911502285546,1.156011588461774,1.1092654005375169,1.0318157120841773,1.029022161028659,1.0639537898208524,1.0430490221959752,1.0411306898995558,1.093089858540922,1.0466780513868736,1.0483043495101405,1.0862168810193005
0.9646166893835844,1.0067649530646607,1.1091247181940225,0.9492231910820461,0.990140272809313,1.0632378633645627,1.0531215409619588,0.9594840357062016,0.908282729237771,0.9051708576073808,0.8974502880028167,0.9615255523385191,0.8826033234276619,0.9764990662573645,0.910903537561967,0.8926251233071201,1.1058358138892144,1.0657772924212947,1.0520575639028378,1.0334182066389304,1.123619309883053,1.1062443977186425,1.0053098682431103,0.9901252651536926,1.0543110638047966,1.0389476682310466,1.0097139702867608,1.0869287028740093,1.0278149916318693,1.037242814480013,1.061934205648641
0.9704682753940631,1.0357761221164632,1.2799787533568299,0.9609039854364081,1.0386288148593188,1.181405442435622,1.1829504592986042,1.104205378565183,0.9092624094218246,0.9004411237842509,0.8864884838479319,0.9669050122213064,0.8632320303068101,0.9948949874183954,0.906524367167482,0.885365912936189,1.109813834219805,1.0702552164907122,1.0513557342026172,1.0427357494512077,1.1162063966208753,1.0964250257288337,0.9967617553707013,0.9537642306689855,1.0312861445845423,1.0274783614385963,1.0631435470697288,1.0723549608448533,1.0173721391807626,1.042493320114099,1.067766421088909
0.9595671370063908,1.0158930640689148,1.2985292252937055,0.9584160910019016,1.0465660995478077,1.1920690618955894,1.2087763386188162,1.2400392721030606,0.9388242333425189,0.8770025830070768,0.9587330358970065,0.9731904599883348,0.8529449359273192,0.9548241214462243,0.9088846252281325,0.8839523337843067,1.1057296820106661,1.0629800534089306,1.0524480143870487,1.0523863646550267,1.1272473812629034,1.0683432188556465,0.9644685425276787,0.9768659517851375,1.0200142406500068,1.0231518445166363,1.0203855723838884,1.0637615142164836,1.0068383278154147,1.0247897350324178,1.07615937262489
0.9714537144666381,1.0470770333916706,1.292687170786,0.9851508849963347,1.0713783008133204,1.1674662121631305,1.182463214892203,1.2379213701447047,0.987846822218736,0.8720509552916377,1.0730337670033498,1.0384027671360325,0.8734238911642105,0.9852042821236481,0.9313676624155834,0.8894032798840565,1.1003580148033572,1.0522747706502658,1.0444479412852266,1.0461427437865722,1.1152831626212962,1.0466415027410223,0.9372770019846652,0.9838839317313641,1.010526774002244,1.0205627087458689,0.9379370379065373,1.0274205716100735,1.0138293429551928,1.0075720597094948,1.07870759689503
1.0071465499194665,1.1867801493059016,1.303028484841619,1.1201716339732606,1.1256615381156978,1.1736558031516053,1.2355916273096312,1.1853752572898624,1.00303446823514,0.8855604517480995,1.0681501617125866,1.0414591995745244,0.8730432325978857,1.0873901610756946,0.9382118785544689,0.8849542619898113,1.068879129115818,1.0464190120826893,1.0232424669745155,1.0289818010996457,1.1243825335162994,1.0549765095559043,0.9467129766352408,0.9801492927099328,1.0101872286924458,1.0010104207617525,0.9585694076046012,1.0456713053836406,0.9956021888556855,1.008659480718356,1.085025918857087
1.023651197806826,1.268520114870611,1.3003147284675072,1.2355766992497983,1.1357089789425694,1.1811262539466107,1.3340661439858361,1.1984853278405858,1.0012001177560905,0.9256492653186795,1.0523179206326738,1.0330745171128717,0.8871387142128202,1.1501604366228495,0.9308662555629799,0.9034033571762428,1.0191480191926048,1.0613139882216827,1.0628215709084428,1.0345956794703364,1.1537851285779288,1.0929985412994383,1.0070664731307548,0.97154842168728,1.0298120210444361,1.0370217119623473,1.0394863482956829,1.0712061624692852,1.0134707481475642,1.0237862985505402,1.0896004090759739
1.0228431699824816,1.2442254143195703,1.286456673290528,1.2484286347527933,1.1333354153882076,1.1730115220968094,1.3464683036012661,1.2492387329729129,1.1360669868842956,1.0376525689596552,1.10674265158659,1.0841087233331599,0.9000441266055665,1.1543704827567134,0.9446490137973164,0.929180936079178,0.9714438195592527,1.073270703601746,1.0828331111971419,1.0370477667193603,1.1493833807015286,1.0604959239847673,1.00897955935561,0.9913534396618328,1.03576140260521,1.043011419766619,1.032461256083549,1.0575719801208197,1.0427176933287585,1.0276747197601142,1.0931113599214328
1.0166125310242033,1.2462076365661714,1.2709290061165328,1.2381076838728018,1.1529362255553393,1.155830000082311,1.3138367841721998,1.2405898223435838,1.4310762730804336,1.1076651037885694,1.1524607312976707,1.1314354043466772,0.8871374168841022,1.1645397055649027,1.0291779237700263,0.9649120581199689,0.9121421713581153,1.0569919836961552,1.044924057406102,1.0387441602542733,1.1264356569425182,1.0235533967842247,0.9666683940148605,1.0052257770543,1.029594444739302,1.0120787810536485,0.9356762239003441,1.0649225888858107,1.0266566145308593,1.0130783060772612,1.0836357803227135
1.0156408441849902,1.2552752495209716,1.256506351528941,1.2343689962445819,1.164132193012005,1.1512642885316406,1.2954707496025792,1.2225423073594792,1.5665598774326672,1.0736701387206087,1.176944496630855,1.1704432544073913,0.8847214210115978,1.1764039634034635,1.1708653296082658,1.0063388234918713,0.8908183784238282,1.03330090818581,1.0425652983517608,1.0839855994846335,1.157943288075749,1.0450303708800788,0.92962906567771,0.997406351459217,1.0123973480550013,1.0048928156782568,0.9180954803623758,1.0460904063320573,1.001441289811851,1.0054515324154283,1.0769534184298284
1.0142132754018627,1.2237740482544797,1.2383402208855943,1.2294686274963835,1.156989385930232,1.1308506499959678,1.2734474636021837,1.1995932778933527,1.5010815822850838,1.0386576536248797,1.1358936277994658,1.1561855679641175,1.0326888933668152,1.1516602418264594,1.2127374737252388,1.0102506017834936,0.8822177717655598,1.0547160506841071,1.4965597523771688,1.162183289015598,1.2625024342030056,1.1112939692977777,0.9758157741491301,1.022072917475119,1.0389237001638671,1.0265782243129111,1.066365155810157,1.0648239833751865,0.9832724065468981,1.0357007937598992,1.0952674873600403
1.0042221289553144,1.2044992876006455,1.218510523037584,1.2183320382571472,1.1457085666770903,1.1125703019009596,1.2528543579674847,1.1855606012555564,1.4699030885406363,1.0187141069870467,1.1110255719083075,1.1579835570472081,1.2086601592571804,1.1236169105737277,1.1698825500956314,1.0225062564126257,0.8481963754834506,1.1121204334702262,1.9291816102067496,1.1936136768244625,1.2942176111646875,1.15895408790677,1.0537706759873375,1.0375430599021271,1.082375783295892,1.0604560383467114,1.1486146791358143,1.111867962270636,1.0149726966864911,1.0539982820756715,1.1069485208753964
1.011483934338391,1.2005596686973314,1.20430362666852,1.2223892573299162,1.1304658807904115,1.1005755982875745,1.2332996393575424,1.1656303889459483,1.4970041237058938,1.0039165882847823,1.1215518776686115,1.1950467622739154,1.2183609788413785,1.1221932666911927,1.1762731737054724,1.0353433243551375,0.8410233620412461,1.2178016688990223,1.9122444827247833,1.161893974039383,1.274303208072944,1.2029379610141957,1.0535466718360393,1.249624486844284,1.0906260537574861,1.0535314484938851,1.1476579963016014,1.1109571299179097,1.0332553906420507,1.0518103965947503,1.0983494057072227
1.018522020465934,1.1897715623060543,1.1958664847980298,1.2176011165668206,1.1246859059174978,1.083493314132812,1.2186041626616169,1.1416511134776088,1.5024383276956956,1.0301424811128594,1.0851851799501566,1.177938407459511,1.2078137061447436,1.1401765048416044,1.2115353501660828,1.04865533339615,0.8422995058082254,1.3206205288104267,1.8898235518139002,1.1302869629771304,1.370142204506341,1.405198268129282,1.0130661191327093,1.554786340185919,1.0762093994017707,1.0628470758102975,1.162809400452695,1.096193162469666,1.023277109306646,1.0537201620718284,1.076704755104167
1.014377702789831,1.1719637850102067,1.182847833284022,1.2151450048422687,1.1276741105977126,1.0897703376485248,1.2077967600688582,1.1265622376566704,1.4693688505419495,1.033615069115883,1.0773980022268432,1.134558263753114,1.2197950674771485,1.1112858980270999,1.1936315630805827,1.0570054924889998,0.8166169480687202,1.3576254441872864,1.8689817734012906,1.1415048523328652,1.5616505123094138,1.5770685387096737,0.9960105143320381,1.6638607653830964,1.074564068277297,1.1032572664110096,1.3622023913612458,1.1173567275178313,1.0177841195386428,1.0581383177482202,1.0738085621274283
1.0158444680409855,1.1400837466732299,1.1672213234268574,1.221202287901974,1.1063020736144007,1.0839024070807357,1.1925903232410593,1.0898328594901547,1.4567745636810232,1.0027105632002438,1.092230295588897,1.116080892062244,1.2360944198481991,1.1071849054837126,1.166744848595181,1.0826927062999536,0.8267472825374272,1.3569839389465839,1.857572449176143,1.1949488818956902,1.662443470089217,1.5902433017853024,1.0420214969385337,1.6163573375033,1.2079504787271387,1.1094642433957533,1.5543011890452874,1.1734816790954543,1.0188399475004473,1.0566740380612256,1.0852908244054318
1.0206720064433312,1.1265441640978822,1.1559834663186954,1.235088587857399,1.0919740696354086,1.0757988009061945,1.1774942586428772,1.0788329480787198,1.4408548185339372,0.9864760318330121,1.0742339216087418,1.1250335749796425,1.2455756008232284,1.0987732165258701,1.178068133672464,1.090657607862128,0.8590815956851161,1.3681428920586378,1.8891375744182894,1.227369590940437,1.6481523557841387,1.6280738806054769,1.1205451526098709,1.604293956906854,1.546177047349375,1.1076124441816193,1.5765136056204931,1.2239214328141597,1.030082283450788,1.0654592170659445,1.090337157244034
1.0198645187354587,1.1134823936233136,1.1440615585569909,1.237634510335197,1.091974977459795,1.0709298518249935,1.1659149895885719,1.078121609705811,1.4200749004344815,0.9491835818432676,1.0609483960316346,1.148944937897691,1.2494061604682518,1.0705485805243324,1.1742823325228515,1.0906753611643232,0.8540800645983126,1.626792334790557,1.9056604797539434,1.2155946934091058,1.6252258520110479,1.64117413785704,1.184428072652611,1.6796612275567357,1.7841254970983027,1.1590873388709537,1.5776374480112718,1.2103679812283266,1.0644044474115337,1.0959537251033584,1.1003893831014888
1.0084503064335693,1.0932651010995158,1.1271846752725103,1.2102475595443947,1.0792709761280563,1.059483539460969,1.1498859508242474,1.0401431347998877,1.4053495552603226,0.9517730775426,1.0432398300901602,1.1577994376165657,1.2289822271108153,1.083687887982044,1.1574674615274976,1.1136953561729281,0.8324826916856592,1.9484968723346545,1.8791513937270838,1.1892672669343045,1.6346295905320343,1.5772085664805993,1.1240265068275608,1.695844079018628,1.7598671535064818,1.1850673535939054,1.4910336485993942,1.2707157392109354,1.0596033782377754,1.0885696512277174,1.0916058211051842
1.0030752994087972,1.0757837440277314,1.1128486519179241,1.2094621163648265,1.0643682133178922,1.041273046982321,1.1361977030361559,1.0040308514412135,1.3648854926801928,0.9681844211635374,1.0127229680100966,1.09189454053459,1.1934102765807442,1.0562101770457915,1.1459946808588335,1.1115530720959095,0.8190936603997595,2.0242526503795726,1.8736377644554416,1.189801539836783,1.660507019173744,1.5749204692932908,1.0808215757963937,1.648640683194038,1.713161101321872,1.166476350530858,1.4184477588035591,1.4146870243437162,1.0252490939062227,1.0890978053243023,1.0928637041712963
1.0059374994061696,1.0557067322156566,1.1063212018329633,1.2218581892025326,1.0395933444445666,1.0274718784925068,1.1273711049946087,1.0042263512710736,1.3357968552595532,0.9371004294037852,0.9975860388237865,1.061360235362472,1.2037617299889716,1.036299448081327,1.1211416625348851,1.1190773198245623,0.8198914095674896,2.0070714667334277,1.9012318160478283,1.2316657095324317,1.6704352864158225,1.6113486056844883,1.1909026887809617,1.6554995809203985,1.7300294351663636,1.1873209168825736,1.4667823115326024,1.4641752995746207,1.0504950749047162,1.1161769758052125,1.2495580035941434
0.9970656592656688,1.033154949531035,1.0969293888970284,1.2082890289981156,1.004193256390052,1.0171890143089524,1.1138477976760117,0.9875418750972759,1.3198133059076413,0.9311275202581797,0.9830133145667863,1.0680081837284743,1.2036508243750803,1.0412562761920392,1.1034026307014608,1.1381590560217654,0.8297005914258898,1.9849430431097792,1.8868201040604562,1.241270702437826,1.6596848345076867,1.5966051404160717,1.258297682781932,1.7097589743532253,1.7965300523578662,1.1941972327134573,1.5075988778728138,1.41771811264513,1.0556457153028638,1.1405607918983691,1.4085507143256866
0.9882440774050227,1.0135238834362887,1.0847185675211446,1.1949103660692066,0.9820152131146159,0.9950485095242505,1.102476436562526,0.9521270958841928,1.289348848364306,0.9220638275608543,0.9646626972121449,1.060392069680096,1.187089945002417,1.045306772973328,1.0962069575329279,1.1384658011940685,0.8300824109777756,1.9912623649269563,1.8518391435187478,1.2174876669693546,1.6640825419072218,1.5997187270806668,1.2698345396449235,1.679913414254994,1.8321298734643647,1.1690186155248112,1.5169391862116355,1.3800915433364886,1.0674085626091143,1.1781557308136203,1.4198893221152007
0.9920734085490239,1.0052102197497164,1.076742261503995,1.1889349474242883,0.9984684952658075,0.9788265201982607,1.0927854357386098,0.9593183512344535,1.2692506045151648,0.9348054345791992,0.9615499949312099,1.0759801180305135,1.1924009481549924,1.0468515049709168,1.0835788655590088,1.1472972743289602,0.8176194681524958,2.0244499965642,1.858760271261597,1.2136492225162403,1.6765958014962532,1.627057176149896,1.2565822959524222,1.6545142251907723,1.8110667078149765,1.1927793726883358,1.5848819665980085,1.4242972887671055,1.1713787548262642,1.2394166329581369,1.39715278585601
0.9881958772200747,0.9941663997474858,1.0661402381165712,1.189699484355358,0.9841667613481327,0.9747483528522916,1.0739161696277495,0.9382088630574122,1.2494594264060632,0.9474410311980632,0.956913565154361,1.064432988607736,1.1677733120729572,1.042031917385328,1.0722844742901239,1.150576421172234,0.8097259222721154,2.0208252151295967,1.8642085208183106,1.243417215879628,1.674047038758547,1.62803750402772,1.24759153778243,1.6738729451240073,1.8064346735005818,1.2165293404559858,1.5487732901272169,1.4528618586408306,1.22879735975199,1.2725469132620204,1.386830090423486
0.9825156150142089,0.9736449924896866,1.0491686557297382,1.183555555845749,0.968419760738909,0.9667970442021876,1.0523659866411017,0.8964421962565664,1.2089760310415998,0.9002770662751861,0.9222302536599167,1.0247760342021732,1.1348007459885745,0.9914569070396556,1.0550014135510783,1.1198811561166961,0.7983073038212454,1.9967096053340985,1.8552345909743428,1.2507012905439006,1.67046319563567,1.6297729824992295,1.251914535744584,1.6482677192974267,1.8193804431569855,1.1968663075777823,1.4620106078604358,1.4340148282717673,1.1949962330248536,1.262428344043032,1.3733413138339083
0.9779836469463419,0.9583089295491075,1.0388130838293708,1.1938384488678473,0.9812870071548535,0.9478833138160038,1.0420937013315463,0.8877706291593214,1.1760869254981887,0.8630818616295474,0.9052814364335343,1.0352594312228027,1.118975031786613,0.9457414301925609,1.0364105343060626,1.1118231370893263,0.794901319702784,1.9881863822593027,1.8271999737358773,1.2182631237870025,1.6421273313613407,1.6112735078995186,1.2499252236975626,1.6130563814410803,1.8040990593066653,1.2109095815928232,1.4539054036749075,1.3933928398236024,1.219295287564312,1.275050566375773,1.3913201047737873
0.9646243181782262,0.9441880936572344,1.0310197389072497,1.1929239548804371,0.9680282136849646,0.9340504809145107,1.034921104149786,0.8792733589987461,1.1066517903695916,0.8206288255560664,0.8628711380424068,1.012965867445788,1.0928343530188684,0.9019853875378079,0.97326533830726,1.1032427797178652,0.7967541528640786,2.001189830025754,1.7972616020721321,1.2097222890687778,1.6173888607721316,1.5928019076940323,1.228852446675248,1.62370089576439,1.794695802519605,1.2304430197355498,1.4456770300491586,1.3892985334559644,1.2534982744915704,1.315730724084433,1.4330721035425469
0.953810902937413,0.920407856439713,1.0136215683620637,1.1570437668292968,0.9320756256827829,0.9199190851017447,1.0208097339119475,0.8633458645546788,1.082649901537168,0.826529136185916,0.8484177245004773,0.9898009507651074,1.0749287552033155,0.9112199555844911,0.9655619458473503,1.1327434622662522,0.7879124201632826,2.0125801114760615,1.7938351328862834,1.245288653436018,1.622157843101635,1.5795390701219068,1.2266302365863502,1.6418859532868622,1.7958167284209876,1.2323698868889552,1.4447091657324396,1.4086598596869178,1.220463844581915,1.3391653796774021,1.436034049372183
0.9476676591156121,0.9089941475313293,1.000168795164578,1.1689862620784088,0.9031745128385814,0.898878270996756,1.0071584118819297,0.8615518469489275,1.135423230102648,0.874082952201722,0.8751206947090101,1.034629822601303,1.07211477178281,0.9612700467274706,1.0376983384208407,1.1561942431246424,0.7771072231953271,2.0225772746204407,1.798609245013426,1.2690850004051504,1.6504104361406609,1.6002529775979022,1.2652896151972142,1.6195903043075344,1.8091475101522922,1.2271845349631874,1.5066555070143366,1.4046801917113756,1.2967979685510427,1.3529680424738006,1.4405989242162862
0.9439263747498559,0.9074073038035224,0.9943109467485499,1.1824036034240535,0.8967884872661238,0.9064325668399916,0.9958512521574976,0.8642694170618879,1.1335966999479552,0.8794177365291245,0.8668595792698833,1.0460906942406545,1.0776064363630382,0.9585640057512553,1.0632029264351524,1.1513154822722744,0.7784809997956067,2.01982742004428,1.778159751685218,1.2512205714163014,1.6410481798488532,1.6013489583859932,1.252759580768494,1.645445935203464,1.8251432428891066,1.2257315106545883,1.5036202322695278,1.3996753921947351,1.3984823735915706,1.3784460468409019,1.4394052865859035
0.9322012678761327,0.9002437960106462,0.9863500199763737,1.168722085998653,0.8841107165690278,0.8994784576118452,0.9871129871894581,0.8492109487190361,1.1170797552980498,0.8850374499891388,0.8942011951576996,1.0591325575172301,1.07990635766297,0.9797336563752859,1.061805431095777,1.1632137337199258,0.8154866591562574,2.0052460917277126,1.7288420599453989,1.2464677381008307,1.5879820381745187,1.5620709771260146,1.2336751371346004,1.6655590887711544,1.8091475101522922,1.2210929833431878,1.447655801378713,1.4138043431297012,1.3886261108219906,1.4000033926595075,1.4340829753911684
0.9276837128048059,0.8920207270545794,0.9808116847990105,1.1625836861156456,0.8845002087701686,0.8719550613954764,0.9771227875554289,0.8621483941522727,1.1081452428811127,0.8759920388990955,0.8898467330379691,1.0290165021835371,1.0592137832162132,0.9968088997134191,1.0479030467462747,1.133543350775856,0.8270661802424049,1.9812325519164238,1.682204821005885,1.2337943880162212,1.5309592146331443,1.5386029309305391,1.231586659199424,1.6489405428335413,1.7930811788857162,1.1765742244607658,1.4503554729433485,1.3613481418510769,1.3377597507949388,1.400964866060154,1.4217984962127186
0.9264160026683137,0.8703476503896345,0.9734886182624164,1.1519198354310958,0.8862646391124845,0.8612459932703731,0.9613463541317779,0.8507052246404165,1.0866571174538093,0.885011429519841,0.8556732087714918,0.9871088238898758,1.0094680770086522,0.9586556924871281,1.03608527989775,1.1047118713006732,0.7989729779037307,1.9702986053944527,1.6504507659182144,1.2171164252138804,1.522997926353989,1.5582401195619,1.221813236233206,1.6724372683200472,1.790219355557381,1.184773083592112,1.4497095150918873,1.3256239042972886,1.3294897891399364,1.4070447269484587,1.4090602844665416
0.9167353155666276,0.8580341077698159,0.9620018950949742,1.1341972369251072,0.879456673732458,0.854292947174149,0.9472033904147003,0.8217191356271892,1.0725489938557318,0.8897239891464905,0.8579584625540508,1.0377741919807784,1.000908707238749,0.9318908553941686,1.0316260027350723,1.1287859444377568,0.7951772219120529,1.9763159611680903,1.6108000616157447,1.2366852743031946,1.5408513570190778,1.5888566159626814,1.2226586954236647,1.638559048661683,1.7836763231772488,1.1902214173947,1.4196434175721024,1.3416688583236895,1.3406678843486615,1.4063077431016446,1.4126489001804985
0.9110956412844684,0.8597781274024651,0.9520455531611128,1.1284191381148447,0.8761523120934553,0.8509478700873215,0.942822288498772,0.837007147158437,1.0531984586393333,0.8497325788079784,0.818780297512263,1.0411195512911042,0.9991747068055762,0.9289226908512036,1.0191832042408344,1.1211566781048958,0.7957875066853323,1.971037707309776,1.5830318792860345,1.2386687236083855,1.5402816273336175,1.6217744996533698,1.2570683804664,1.6301410244896488,1.778050948690051,1.1746176032536932,1.386677261893414,1.3178172601602471,1.311642205197177,1.4264294319972823,1.4157846277960318
0.9080444188605349,0.8519707285836785,0.9426563303864529,1.124136516622064,0.8545338161082771,0.8433342080523281,0.9356090279916481,0.8315645080418936,1.0314965215124707,0.8404558246936062,0.8092394225862618,1.008811893632217,0.9829308805574545,0.9329493033438924,1.0052806290780683,1.09725177510088,0.7930740397918419,1.9709128803556222,1.583899295243063,1.2359570403621043,1.5479581891937886,1.6499081611408342,1.2736905062974662,1.6692643596515657,1.7977501933823703,1.1944092942953421,1.433821070896979,1.305558112326677,1.3210971694996338,1.4493685356108157,1.4096201939224413
0.9005398479357442,0.8468653254220563,0.9326226773804086,1.106216303172893,0.8507871176191736,0.8499872123002566,0.9250661055802175,0.8307993760201472,1.0249372532837178,0.8546431573778706,0.8347110078264408,0.9814128773223999,0.9893081703530778,0.9262537025524435,0.9968766603213637,1.0964999556275505,0.8025495944051972,1.966291256730052,1.5611389497073347,1.2533284660592827,1.523828955174967,1.6456586131131377,1.2332466907625088,1.6622575579899348,1.796633900253265,1.1943854298090324,1.4536516970390985,1.3117692855144396,1.3245646008774956,1.441921130699973,1.412718046695085
0.899078941940376,0.8383905789840771,0.9272290200903357,1.1053579058038958,0.8625038654496252,0.8411717926345984,0.9179675284810724,0.8241983750192412,1.0114755072354988,0.8437751981865044,0.8108066858361703,0.9542874122428286,0.9782162370874328,0.8971205971867692,0.9834895011849732,1.0911909544483216,0.806301454390882,1.9538957004149298,1.508331107770615,1.2401990342635487,1.4795501398636046,1.61357255055997,1.200304291575174,1.6414158906147944,1.7631541669347865,1.1639657207395284,1.3850477664127594,1.2721514165366166,1.2978300543299222,1.436505531470656,1.410722365793459
0.9022167830950442,0.8358001768859935,0.9244654488098016,1.1073844325526776,0.8572127698739472,0.8308972907137374,0.9069410446586514,0.8079527926120678,0.9954673131443191,0.8367239137869605,0.8103413451242529,0.9618618658301206,0.9724892741599802,0.9115003058121716,0.9771686300235972,1.0963648777908668,0.7977539583895649,1.9463170868037376,1.4806484076175506,1.2262115482115958,1.4445291270346496,1.6011581206376828,1.2201053103529538,1.6342870186370533,1.7487471471054907,1.1643984001740437,1.391774200024776,1.245415448354529,1.2750408125913375,1.4422784443090018,1.3951302976577922
0.8898434959974181,0.83565606340307,0.9168404592597336,1.090027202953713,0.8426176893878077,0.8358945911364797,0.8997514101365783,0.8096745946266107,0.9757676092670682,0.8342319610199673,0.8054172775142963,0.9266194835435911,0.9583851786566822,0.9008305035065948,0.9639305350485996,1.0768766747399798,0.7936764595704482,1.9352581258368238,1.4298554629035714,1.2400069241359715,1.4213912240153637,1.5954594523228627,1.1838999349144181,1.6269326269227693,1.7546201084226685,1.1749915818799233,1.3989731991569128,1.2561145223729075,1.2725995687958942,1.4559757410396073,1.3719938117917707
0.8804925670009771,0.8262589273050006,0.908066306643858,1.0693636515713856,0.8272958651504011,0.8324372011700447,0.892653160468702,0.8009665129549759,0.9514421949470071,0.8270199912031247,0.7863828682630747,0.904425786962375,0.935087187736471,0.9170340935199539,0.945926148570474,1.0557231995329128,0.7881655618949146,1.9069716776168038,1.3604755177694212,1.2389449195880002,1.4195747528157685,1.5589630489112156,1.1112377102177837,1.5881037203057822,1.744537720018021,1.1580581295976295,1.3515540419384868,1.2231568256591678,1.243491488194537,1.4416188814967497,1.3609407766872095
0.8812544334575303,0.8243324258058672,0.8999728369107738,1.0525001239969456,0.8167273279142542,0.8275046347464362,0.882365208179326,0.7938297222303093,0.9434912071007652,0.8371429457738773,0.8066697726935663,0.935490859476829,0.911262206303785,0.9576025075556429,0.9463048156914823,1.0503441662149087,0.7868415176482708,1.8820249299875118,1.3459326624451124,1.2120594684695805,1.4294071634853422,1.581208608791807,1.090848188981823,1.5941088729540724,1.7124223996324286,1.140032387484055,1.3294576723193903,1.2187569076808764,1.212382177022494,1.4166841878874554,1.3657627121965956
0.8786847838073425,0.8156562536352672,0.8918040073095906,1.047360301936218,0.8022798440118991,0.8280974587673428,0.8804664178845039,0.7889574876300226,0.9410203260565658,0.8234621170460044,0.7982630307517404,0.931188556572838,0.9176542181585305,0.8982285127028925,0.9436630114606643,1.0469533391018913,0.7881280192328224,1.867196581456746,1.3209527292665229,1.1998978772387607,1.419206313701973,1.5876725374639433,1.0890404613057452,1.6166501855709772,1.688538900615284,1.0986223665091763,1.3165947737771992,1.19817361299507,1.193757274130327,1.398408489662112,1.3559418156827354
0.8729101315403996,0.8064559623374321,0.8880856741250365,1.0535843459271212,0.8060451624660174,0.8289217417609818,0.8804568138403294,0.7898706746362151,0.9332144591630747,0.8129871422475091,0.7825465164828751,0.9148218400678291,0.92279064290363,0.8644114497344787,0.9347762149427843,1.0500009566996573,0.7855462654591208,1.8608278039816173,1.3135234172709462,1.2026150002772542,1.387431494812302,1.56913912377254,1.083400903034451,1.6016753934521415,1.6863606366868868,1.0887468779592198,1.2980273858411349,1.1774712873051518,1.1447170841711531,1.3967428327699025,1.3512844464577787
0.8711997900845241,0.8035075203167755,0.8858878587467063,1.0413230562293163,0.8200267976909136,0.8198849153680902,0.8729849590320974,0.805756064560096,0.9227620170295114,0.80937813998567,0.7938698636779958,0.9250880946328227,0.9125330244838291,0.8759775446416251,0.9252529007808032,1.0552522196171548,0.782869840380436,1.8365144950776586,1.3000240995219368,1.1871590528743,1.38893391620616,1.5550943870989362,1.0662328651295627,1.492878902364529,1.6456488178583821,1.1086218117241473,1.2816498563874386,1.1805094522078403,1.0937481540893061,1.3421016778844221,1.3544841827419463
0.868274675764487,0.800670083724755,0.8773536954659461,1.0138134481871237,0.804371930681138,0.8113879105682188,0.8645801300577228,0.8128292688183526,0.9099323212651277,0.8028434261152534,0.795089788236032,0.9138019402690561,0.9204813667657094,0.8958938825454197,0.9101667295467205,1.037770772154209,0.7790527856405469,1.8270597538077107,1.268483802535701,1.1838705339221165,1.3686764616636051,1.5597172245104736,1.0505213522439165,1.512022619918963,1.650758396699286,1.1166177234970742,1.246399210815065,1.1639117501358613,1.1040704401141392,1.3407323658195394,1.3514860273313187
0.8643997364941893,0.7960303043313018,0.8716515101729636,1.0189334272839434,0.8000405482600653,0.8160463091174236,0.8580473050750299,0.8102763030614509,0.9024342343566155,0.8009002269945138,0.7769063662945974,0.9120725898191285,0.9144395098176523,0.8934969546997115,0.908735889289552,1.0105157192912833,0.7811829218606001,1.8197894059304838,1.2422457005465812,1.1881349192285358,1.31596232034811,1.524231095234025,0.9948709909376661,1.6002212106963059,1.6858540655871659,1.1231025104003312,1.2820654756992165,1.132799964476041,1.1244679153800878,1.3957861362030657,1.3457227979301603
0.8455475129407733,0.7818565126597845,0.8629341231293381,1.0226568545656918,0.801565337226363,0.7923648720555829,0.8433338718058244,0.7955534687307675,0.905658896856679,0.7836323458809715,0.7744628775225957,0.8934706221650234,0.9109171307778753,0.8698256214585098,0.9050920490075858,0.9878309732843282,0.7818005656938243,1.8002539115061806,1.1981727876127384,1.1755378267561711,1.2709346699905717,1.4765501709404032,0.9603745182746234,1.5516571676335227,1.649110687691695,1.0996082784121217,1.2998527808953468,1.101013124490759,1.1172372703223266,1.3864383131943814,1.34003650994249
0.8403441199427194,0.7761573006867923,0.8609664500144234,0.9942166381500729,0.7904232140830851,0.7867947622363519,0.8417396392795355,0.7920526092681569,0.9030613315491081,0.7958190805065524,0.7931848396346531,0.8962822194461996,0.9206056288542586,0.8747672566809039,0.8960041701125456,0.9948957886084577,0.7814240907545256,1.8061658930462166,1.202827433293411,1.168572054065899,1.2739953761121634,1.5159064651455354,0.9885833351899546,1.5793290255208525,1.6389254353432812,1.0940753040175417,1.2786385653214465,1.1145456900472204,1.118353060293558,1.3953582835410214,1.335362522298242
0.8516226464852638,0.785580109908737,0.8642161969025235,1.002064190480009,0.7877960267596638,0.8186463945792946,0.8499375135018937,0.8040427771336603,0.8852292282649012,0.8117336617172703,0.7932456754430653,0.9205344022407254,0.9073514708825079,0.8747693009533598,0.8928537357270374,1.005338301197183,0.7841644710250844,1.8004844810581906,1.2101787238197788,1.163644285400603,1.2868262396301062,1.5371395165287016,0.9720098013009404,1.575786716213576,1.6589198655258883,1.0908624148550916,1.283525243489251,1.1253787593694338,1.0850594294492868,1.391347818101861,1.3332447932208762
0.8418372457363034,0.7802970263619354,0.8539494022124191,1.0013099239929493,0.7896670244404321,0.8181505458875563,0.8412077186956748,0.7925875536417301,0.871748241905012,0.8126917942340722,0.7885958479506795,0.8811087136744538,0.8954047669374232,0.8443906030522743,0.8851754784142616,0.9681255983751815,0.786862315755085,1.7773928510906831,1.1892041203533874,1.1660777323570777,1.2577826933147382,1.5041355489551382,0.9579782793236153,1.554592458730458,1.6405773671433028,1.0904456755444847,1.2696468354917538,1.1248417343651047,1.0871402348772141,1.3694387219195812,1.330290781719652
0.8388340740910231,0.7771582116314752,0.8499563755513135,0.9865444380102034,0.7980892659000328,0.8032429719296328,0.8359791027809118,0.7994819787608579,0.8676265508252917,0.8052399617145476,0.7601282413652678,0.8670168012939116,0.8888050242108201,0.831344751269262,0.8821774798245086,0.9341060297125654,0.7875608717792969,1.7561289232204214,1.166951741636286,1.1578858007727248,1.248618457801277,1.4828398831977836,0.983393034994729,1.5864481272755528,1.61633357783607,1.0964929414889748,1.2488820818500277,1.1049704619470941,1.0887497283934826,1.3706285741647009,1.3177276539783909
0.8354829321886194,0.7711818940604609,0.8467901761677639,0.9760925619929324,0.7951106016189495,0.7923572130393591,0.8335916285948172,0.8121901506181206,0.8542985916376225,0.7812378687832239,0.7289947716879541,0.8821009469787602,0.8791559188411477,0.8467714984015619,0.8640623718501735,0.9278313059295684,0.7807866727118226,1.742271814462273,1.1309557851418677,1.1395988703882298,1.2323020020896267,1.4757439259959544,0.9808679569625395,1.5482147732248095,1.6012791178314094,1.0563319691347075,1.2081723239162827,1.088635384443355,1.0582223666298614,1.3669223569134574,1.3153090781077286
0.8299859257719718,0.7599278750070919,0.8389708887696246,0.9449847712189221,0.7722204032384105,0.7862425106153061,0.8278596689632872,0.7932346277686902,0.8410375120480212,0.7820890076677617,0.7521381818425584,0.8791704850704064,0.8821813618447133,0.8562703846047315,0.8523901391176703,0.9286481269233976,0.7732065624843066,1.7385633217001262,1.1016288245682202,1.1343195078014345,1.1992428428038648,1.4634526587624332,0.9363834313647049,1.4717719446978792,1.5737016593892117,1.0405414800218356,1.2158515929706852,1.0821850983945251,1.0598438328276052,1.349017782549342,1.3081359979962046
0.8268626897901216,0.7572583400134767,0.8343221970983111,0.9300255402560759,0.7611999777882162,0.782788872953142,0.8203043943696308,0.7829704014819518,0.8419812956200281,0.7895391183147875,0.7633877503785429,0.865298340420592,0.876072796344472,0.8700604680735735,0.850011364369933,0.913107984928019,0.7758512357936501,1.7369904019356484,1.1143471835928778,1.1319854239901517,1.200978526913194,1.4485912481861418,0.9230024131736783,1.4667771767917697,1.5624054846476982,1.045313428644703,1.2022609458359463,1.0739563623882213,1.0498541763990212,1.33778172503568,1.2990238322108858
0.822086095713224,0.7577571141846788,0.8333708958674766,0.9424621382050047,0.7913452697893129,0.7823122844495213,0.8140299241781365,0.7974305004468423,0.83700295266055,0.7703844341868681,0.7388032206906935,0.8433998505632377,0.8434146192839383,0.8461142313204253,0.8380632150585728,0.8783984867473141,0.8170815487289129,1.7156829982606412,1.1467886395900149,1.1397980014805023,1.20524221019855,1.4360230535178944,0.948520495354479,1.4828640501802586,1.5678101259849389,1.058596903906125,1.1644964288689363,1.0576553644011737,1.0347683407814718,1.3314294346839142,1.3033128865435843
0.8219767213417868,0.7591600616258252,0.8315784334964605,0.941929161188762,0.7973037212728584,0.7749359334324601,0.8129975800793372,0.7934485431546267,0.8237184591080411,0.7460402982299892,0.7239798010272133,0.8433497288872601,0.8257058018670688,0.8131972061287577,0.828645228017839,0.8532568609212036,0.8389085230891348,1.6907818947118973,1.1269670925354722,1.1270243544507543,1.1904936241236528,1.456622259863897,0.9708248205374634,1.4869099857493453,1.5804944514925148,1.0637588589744826,1.2077144506237274,1.0604956454154542,1.0441498764222916,1.3351936853841804,1.2987121046542225
0.8177617595219052,0.7575370916220162,0.8245631559917439,0.9330508426153163,0.7786762813638903,0.7855076355374613,0.810799723159616,0.7872783254732102,0.8294318800561655,0.7552333431883997,0.752926928484239,0.8637015936956544,0.8398759421793633,0.850896073535931,0.8266584527178361,0.8705611186418293,0.817976413913006,1.6650139021450205,1.1130247562119806,1.1129319874506791,1.2031337920981586,1.4852658144185564,0.9964501026440394,1.4751492809155153,1.5928324260248203,1.0442040324846817,1.218768267053073,1.0949009710881499,1.0468941751693117,1.3275177114410428,1.2840453196932478
0.8077398066696732,0.7506176403536379,0.818409960318454,0.9174618654152739,0.7617228511194779,0.799258391146153,0.804285970441931,0.7788278379277305,0.841153656748979,0.7672658280166521,0.7637543484063307,0.8802746894318679,0.8379023937215436,0.8873087493480764,0.8269004651400282,0.8807189769144532,0.8071565757610849,1.6440167957217928,1.120224216585557,1.1164487292834318,1.1967561687273611,1.4338022483566064,0.9705348078478738,1.4634998416805503,1.5540314002721223,1.0316658254303246,1.1918481770242428,1.0722214673519963,1.026278526393077,1.3083126991669052,1.2748513692919852
0.802894233729477,0.7470827412919429,0.8166396250193393,0.9095962199991643,0.76256012913893,0.8019776560493792,0.7990688503964466,0.7592287616009362,0.8338056777396188,0.7766523413896738,0.7460851511321199,0.8891111381659049,0.8292396452920298,0.8906457082961728,0.8229771380310391,0.8764374852296252,0.800086225940717,1.616320828779238,1.0914323885029782,1.1028429403638333,1.1360543787623274,1.3415397271404683,0.9202658333537131,1.4289960116521194,1.511913719548136,1.0363849577942728,1.1843950624709072,1.0553467592496446,1.0093434687392018,1.3100715048215028,1.272557080361479
0.7957292187011267,0.7423918733771051,0.8076689880482986,0.8965205295975669,0.7589899856962462,0.7905961759330362,0.7975477229642864,0.7555711157096393,0.8254481034453595,0.7904639764530729,0.7529295567886848,0.8883510017473923,0.8415828323761759,0.8836906345822464,0.8179284590992658,0.8751710095145543,0.7979893733278195,1.5913690409564494,1.079822586643329,1.0978800936548787,1.123853051469859,1.313352330692342,0.9149066828110151,1.3679641869668462,1.5074602724553645,1.0478582554421523,1.1666774431593234,1.0718224051854321,0.9966927366973747,1.2968161391800301,1.2732107653712865
0.7999983717997126,0.7408945667792622,0.8062583468312979,0.8897181977228431,0.7471585335466397,0.7783578650126277,0.7958967653962299,0.7693709325929964,0.8161084529964074,0.7622937794453079,0.734972737905469,0.8437698779129864,0.8459500363339202,0.8263250010264084,0.8081797392694202,0.8394689852741977,0.7923630673229901,1.5919241636773407,1.089486818782986,1.0996382813819066,1.159990934411101,1.3490960674246748,0.9266307738145504,1.3591837162559413,1.4922043893515677,1.0405138212180467,1.1540233618087605,1.053366737100015,0.9922213599733994,1.2912814904246033,1.2766749626078122
0.8034342457827888,0.737374793208285,0.8075447136052996,0.8981242159979079,0.7621907080687241,0.7647069647147906,0.79673142711144,0.7798806716758439,0.7998738711165818,0.7378771365382844,0.7218490647024716,0.8178569658821785,0.8221134675281154,0.7851860372455495,0.805938470079644,0.8251003559069486,0.812897682733776,1.5737119351092081,1.1097564941132807,1.0970649724619086,1.1874528959154593,1.3559916574683843,0.9276170192152589,1.3830563367059694,1.482416120489604,1.042804653239721,1.1314782227880091,1.0551720709953634,1.0070216798558038,1.2931101966445298,1.2656555589536571
0.7909604053556515,0.7331161414912748,0.8003498381081884,0.8892872449114947,0.7609173655393734,0.7569840262850506,0.7900786519281863,0.7594352358505065,0.7939853048113964,0.7386214004809122,0.7355039828351053,0.8358011995906639,0.8111068978736359,0.8134035220142162,0.8048893025524042,0.826363640654997,0.8290977561906373,1.5367391269781074,1.0993852614187927,1.0887178775578703,1.1802604131135153,1.3170144677924198,0.8943061394181518,1.4006747787639693,1.474710098275726,1.0481968295187472,1.1280555156858143,1.072765890432416,0.988869409545425,1.2736800211089037,1.2573119759876323
0.7893989235914125,0.7425579810937931,0.7981951909154857,0.8872297221989986,0.7539553327022376,0.7651033600106699,0.7830659382218929,0.7533691957442246,0.8004534371653943,0.7545990133257512,0.7495300337793926,0.8310195492772301,0.8195593943379724,0.8374933096415715,0.8069920713150684,0.8173361304738863,0.8168442277835024,1.5231740428402587,1.0921762781112663,1.0807135466158133,1.1642088031781908,1.327217355000469,0.9391842310260039,1.3721349515032535,1.4793054393937615,1.040165036367638,1.1861722112315538,1.0690894704450324,0.9745434373232134,1.2658469072453675,1.2608662631036274
0.7913187513356363,0.7410379680205617,0.7954220474935205,0.8801416694335458,0.7578355874474287,0.7711047707816368,0.7832484374963121,0.7697210183587732,0.8081512472339493,0.7734269324011431,0.7439983844823318,0.8462349302498844,0.8300538119868283,0.8310278433268156,0.8157644338786867,0.831822864747082,0.8114075757885191,1.5015089332137512,1.0814507739278023,1.0852485375217804,1.159853992174737,1.335554398857278,0.952448309434076,1.3277175347787757,1.4645545694662654,1.0324120915005939,1.1505672930101505,1.0758934697961045,1.001183119717042,1.2708421853510088,1.2559792981963573
0.789578450829116,0.732093183202188,0.8003183196406809,0.8810925757718321,0.7633838288304033,0.7916046906421721,0.7874397214426265,0.7628356306703873,0.8120105059180197,0.7682335568916884,0.7321681302797417,0.8572163310799354,0.846223227188409,0.8273525763160956,0.8179620800362445,0.8247292955489038,0.8034653400681526,1.4552860708130706,1.0681777609070855,1.078876388366471,1.1440077207703128,1.2720768586194415,0.9212224952717701,1.3044977376435805,1.422590590187155,1.0337525613322471,1.0916998510871954,1.06410194040065,1.0040291757987794,1.2657650555389595,1.2401788250333359
0.7967676507854979,0.7385326016462498,0.8047111973348668,0.8986367039337889,0.7677225138953745,0.8062691453626462,0.7965984008825556,0.7739041742712095,0.7921085205992754,0.7433893729811388,0.7243027481098925,0.8256672226713058,0.836279686325798,0.808447827555164,0.8010339997717583,0.7828351181180007,0.7930635482695427,1.4251229280503888,1.065434401704697,1.064830488586886,1.129077305753998,1.2578672202099679,0.9239320980590481,1.2631891771547672,1.3987173406662026,1.0250438299472031,1.108167159429277,1.0455153485433388,0.9882725921402479,1.2468912115829338,1.2320142590367424
0.7954974078144721,0.742061764758922,0.7976387894606226,0.8978935835220586,0.7556978454700475,0.7864940428263077,0.7954871622197262,0.7833825616909985,0.7888560905696302,0.7458864763137394,0.7265206441427298,0.8354950073529298,0.8241760505452663,0.8180425900302162,0.7977644481064529,0.7848029431621436,0.8694313973091111,1.4255112677906372,1.0651952581724764,1.0712473041182309,1.1420984981795057,1.2944339567016736,0.9343140778291068,1.2380386977388338,1.3905741979387876,1.0143996441937357,1.0964312581391698,1.0682095905357367,0.9924166428640792,1.236946077053639,1.239166498382455
0.7872040401621688,0.7298448203285334,0.7917612456421839,0.8728686874886935,0.7548185971753731,0.7625350037410575,0.7838432254899872,0.7672107922800655,0.809700137688992,0.7729406967435661,0.7366186215288762,0.8645591214428131,0.8316886874877857,0.8518105315659319,0.8169291496376418,0.7910921354841589,0.9472864988110938,1.4157304712197414,1.0763070408234239,1.071365169775845,1.1472996394394874,1.2546232512550237,0.950399615734036,1.2171641277008058,1.3681011525914184,1.0098358973624522,1.0205636248685879,1.0610874169862183,0.9807010349124757,1.2258026883045328,1.2418354028406782
0.7870088428526657,0.7257350675027937,0.7895841793327962,0.8700598377287018,0.7632065717248315,0.7676847438822064,0.7802509637087267,0.7563642021806597,0.815283293089249,0.7743934960097103,0.735477600971135,0.8646988029068854,0.8293612955129827,0.856740071456473,0.8161450841375442,0.7748223212145593,0.9216116782459625,1.401954314365915,1.0676580288653885,1.0662957220018252,1.1492107999627157,1.2408663816857417,0.9387697003415082,1.2051090517939456,1.3506681535027978,1.0310083411082307,1.0282035158675953,1.0551119574199461,0.9825898053421025,1.2168531372107665,1.2381592885315635
0.7822654922075162,0.7299937660410248,0.7870479140434362,0.8632938931508429,0.7406229102729568,0.773717953056476,0.7775873794677473,0.7523229612530999,0.816225207281823,0.7728116844041321,0.7380407358546314,0.8773477415234838,0.8278246667121414,0.8744752812083592,0.8109350119873903,0.7888254720468296,0.8880120561031108,1.3961974384391778,1.0563421197640066,1.0748835455644508,1.1674042068267767,1.2625724272398993,0.9361510127332835,1.1969028115742937,1.3629304457552316,1.0468169195980257,1.0907461884555714,1.0631665402246318,1.0001734883183115,1.2091843743042965,1.2388722205606593
0.7888421501243488,0.7373206488684435,0.7805927711652454,0.8561556342288625,0.7298653963336433,0.7799928003159394,0.7733763768828482,0.7604501049203176,0.8050651318086952,0.778371277201134,0.7417913945855122,0.8651978028067653,0.8181585796391129,0.8610391887630503,0.8090920000803256,0.8109057076493749,0.8665337086638162,1.3843643390433649,1.062202308409012,1.0739843086347416,1.146583285337908,1.2322555210907136,0.9328964734449082,1.1620662767153715,1.3668501810823712,1.0364385016617763,1.1089114902806139,1.06335175265872,1.003775846169153,1.2069386027950728,1.2311703395587126
0.7870508896742633,0.7350128011006584,0.7797238134268573,0.8770278159459765,0.7402318385164813,0.7745636826725778,0.775496226941088,0.7604885900811067,0.7938288838149594,0.7690764598885483,0.7265774012120209,0.8313430220147267,0.8055157541704451,0.8222572830303119,0.7986777169874292,0.7990631100858974,0.842271293396904,1.361383928610457,1.0786270762241186,1.0639585969368466,1.1398641518834036,1.2152503647340316,0.9361399979749083,1.1424120937430011,1.3445619546503087,1.0298662699463168,1.0685352146523037,1.070157398996908,1.016997101731223,1.2002843052515726,1.2130944820023117
0.7786580626591056,0.7311184469973893,0.7795564091147354,0.8835179896627828,0.7420422877943877,0.7822160572701826,0.7762366157370474,0.7660143829733208,0.8000410849112448,0.7589020075012429,0.7252056053471266,0.8426493022956573,0.8025314153272972,0.827502427759204,0.7946185500362624,0.7781055199900164,0.8229714448905372,1.3275671175973949,1.051804701638085,1.0481507202827327,1.1064894762484434,1.193210615730436,0.9001098520186004,1.137058068988488,1.3101045833871912,1.0068291731654448,0.9821441952456298,1.0478069991875938,0.9885201341272438,1.1746784131592196,1.2067594232374157
0.7804196640062664,0.7311265451119666,0.7776847975313258,0.8895165188683334,0.7411803798476052,0.7922656983178425,0.7778217565884602,0.7893368245392332,0.80415973309858,0.7662100357586394,0.7311027594625175,0.8662468978020291,0.8043216355538363,0.8448933611934352,0.8033201292797599,0.7889240075606114,0.8138429799939056,1.3112286587156545,1.049664722053851,1.046395949502812,1.0892403213460353,1.1777654678662428,0.8922030602935354,1.1484560399239516,1.2955978154609706,1.0051853684521048,1.0132682774265305,1.0423631891677432,0.9634329532540787,1.1620106800882852,1.2229530928835857
0.7800633192540728,0.7245635540041777,0.7771400760741093,0.8807190438532354,0.7342171411142222,0.7719614953144202,0.7761112319965,0.7755507957908535,0.8008872453994992,0.78241157779235,0.7298807937650217,0.8616636601519433,0.8283901508733345,0.856659638530836,0.8090760869742124,0.8042770488070621,0.8047202944702249,1.3043013241295789,1.0583168256529456,1.0432353564860635,1.1122336351523694,1.161775042762132,0.9012424328882683,1.1224550338563615,1.2834462997633613,1.0065898898228254,1.0240044868509832,1.0460349959014144,0.9521483349439882,1.168806209699384,1.2205479127689804
0.7786171926356744,0.7192538198182126,0.7734661384451231,0.8614480105275913,0.7295557604063748,0.7694388252786468,0.7718647091825623,0.7732737115739236,0.8063154814201242,0.7776449110428212,0.7073886604901829,0.8639545464391268,0.8212052380274051,0.8434905837728491,0.8013421553915401,0.7921478791359278,0.7942332982012501,1.2930877913466658,1.0515052065544221,1.0315400508460106,1.133043946648283,1.1405177151784684,0.9049911533271288,1.0881897122139315,1.26015743551721,0.9884268686385704,1.014550574649879,1.0369058093369625,0.9585387290290966,1.1647854092124854,1.2068772595896204
0.7788004325914142,0.726693208449821,0.7722196193823063,0.8743813220181003,0.7352084289671885,0.7857315484109528,0.7695438878755526,0.7898701867793334,0.7952663557347844,0.7466124878121044,0.6807234276892458,0.8350245003361164,0.7891367293715412,0.7942218943554392,0.7897695871866804,0.7525844120244579,0.7827238956322952,1.290302820849066,1.078139796221341,1.0409414842894726,1.1532102959198287,1.164530545313104,0.9235590475104009,1.0562334678434135,1.2652523780775553,1.0038054935378375,0.9966473715840799,1.0577324144779419,0.9750605842570277,1.1614582614470184,1.2109824800578863
0.7733693291303407,0.7183608725999582,0.7663507072118683,0.8626574353349488,0.7359302698135329,0.7749862539324044,0.7650475465248439,0.7641551953793648,0.7812177855007733,0.7397324985246359,0.6986093920863863,0.8293104604037947,0.8010566314717803,0.7909593071661438,0.7996400902816353,0.7363434503479287,0.777813054887956,1.2941347310758078,1.0954295304624817,1.045283699842129,1.1796231476054468,1.1801042473530983,0.9450117142297438,1.0524687997541058,1.2694049819581448,1.0324505400586892,0.9587911616512589,1.0689219690436222,0.9710904675820673,1.1552160350014986,1.214386028087775
0.769873024524053,0.705248959811969,0.7636608562439272,0.8533401454083063,0.7177643624890649,0.7590005615867622,0.7589785515811182,0.7553584877160976,0.792454190775424,0.7517467547407689,0.7161051063705898,0.849503611304532,0.8042917405063903,0.8227068930641909,0.7975312022936248,0.7488017502108899,0.7747140809576687,1.2704012319148972,1.0915458823066089,1.0471939490895161,1.1530186875279178,1.187601420564831,0.9519030561914472,1.0534805925578417,1.254505535333871,1.0333657905346547,1.0106486364212153,1.051024595517873,0.9654890842613432,1.1440159763192337,1.2126399523186984
0.7774584626159697,0.7105247391084828,0.7655202934921557,0.8760673764943467,0.7229265368143969,0.759488376828136,0.7576132753689936,0.7817161975168324,0.7896714251593187,0.7353257079873162,0.7333178715870253,0.8395005011270498,0.7899675047558993,0.8232358835901558,0.7795105024815658,0.769800072268178,0.7667435943812642,1.2523982937973828,1.0701770062722769,1.0517306236298003,1.1012686114754584,1.181368809320301,0.9137327231980531,1.018416037934715,1.2257687768765548,1.0205862882820211,1.010848368958881,1.0386502959851438,0.9718034382239686,1.1346647440177453,1.2085623994008008
0.7753219736055202,0.7111368965275388,0.7595576658123963,0.8677191103537271,0.7307886245750895,0.7588564527585693,0.7540250270461828,0.7765769508201699,0.7834325714287917,0.7231095196524027,0.736111188713023,0.8469104644672915,0.7995683890327195,0.8307506503998083,0.7780288602931751,0.7643515942561051,0.7650822411795101,1.257753886502272,1.070353990832119,1.0497405197386178,1.1397797807405075,1.1883714166093609,0.9429177419200777,1.0457282079343895,1.216090177623829,1.0097948159126668,0.9667297978166968,1.0526162647261348,1.0010536820925446,1.1410044613444403,1.2048981392308846
0.773537618683022,0.7146715522586474,0.7567458837446467,0.8714577443487451,0.7348968821294575,0.7558992114893777,0.7522910074416798,0.7667727334512047,0.7832933066268086,0.7267094092544835,0.7216105406169477,0.8366783667895874,0.8062390087059362,0.8176217562937754,0.780205464188093,0.7665779128576697,0.7648879874454623,1.2506155608138554,1.093174738880407,1.0596775080218932,1.169419491935363,1.1914845854191984,1.0049031372912582,1.0530372830553343,1.2243222449801898,1.0050622695049918,0.9992694893478816,1.0615744485699186,1.0031486145077442,1.1500847529807847,1.199851611717117
0.7700889312839988,0.7131337223829456,0.7553576379128171,0.8751107373204046,0.7278880513883491,0.7539723632227381,0.7519476072294456,0.768266790572795,0.7821516710153077,0.7232348679562921,0.7211496019462479,0.8539639730311515,0.8055480179454682,0.798203168010467,0.7849692583176295,0.7749958015025582,0.7630755495528609,1.231751245907337,1.0882337290970587,1.0572069174842198,1.1514442334103436,1.164999964504535,0.9691339603470417,1.0322241792146118,1.2095603055968078,1.0149253736550299,1.0275894673221315,1.0410310682865358,0.9893036142119627,1.1326766528560948,1.1931064986519453
0.7632040269927647,0.7061446844371168,0.7542803148338679,0.8550418180375261,0.711582333626383,0.7581194353714141,0.7467143314826549,0.7591466150539743,0.7845834585629362,0.7209546514136309,0.714828424005807,0.8533524208056168,0.8140184408197265,0.8232063455009125,0.7875159187350348,0.7724691316625183,0.7678671306687175,1.2226727611478894,1.0725319500376993,1.0543158115252704,1.1322131871924257,1.1653135412833147,0.9489887012748137,1.0312793699106062,1.1996383423065358,1.0235887013085512,1.0168830222827248,1.0471796139962533,1.0060298117691147,1.1368809694966682,1.198174771907972
0.758446238052209,0.7046601442392619,0.748945580361171,0.8513864538738877,0.7242343895016778,0.750318018922496,0.7462933615903181,0.7393188424161262,0.7844012951496067,0.7326296267812052,0.7231986149643244,0.8309697793337056,0.8231251048446775,0.848782776321412,0.7849415981949841,0.7877146318144538,0.7722004933258978,1.2195498396103752,1.0640990200080076,1.060627175970457,1.1482824629905004,1.1674300916834603,0.9553680895137511,1.03846344364853,1.1981109623842228,1.0350327740617802,1.0383510839603924,1.0539727260020826,0.9987964775640298,1.1352549667652847,1.1942826102558406
0.7591960363341111,0.70417722890489,0.7411453907026937,0.8540946221476003,0.7281622525361381,0.7535783670235098,0.7438312057891752,0.740134925077821,0.7916646013110326,0.7247531849256081,0.713080610989758,0.8279082355800313,0.8080503015934027,0.829621810378426,0.7833341068588666,0.7728345394227751,0.768466353618214,1.2096523068642075,1.0565224133990072,1.0443340023969747,1.149574869375605,1.140921513762896,0.9197132562621995,1.0423180265257654,1.1791257795925072,1.0233059117515777,1.0202594260242324,1.0298415624753328,0.9592965098292269,1.1164145470610676,1.1850612527480135
0.7653651497618164,0.7084172962309295,0.744758361005362,0.8577177018286566,0.7225810064408661,0.7615159853579857,0.7404218871336086,0.7510993744029213,0.7908201248699663,0.7077768923045861,0.699242962571732,0.8497233895112225,0.8023804062944837,0.8116335932605244,0.7889089401634303,0.7574232997692625,0.7628109694404626,1.194816041810701,1.0416714335753234,1.0219073769431757,1.1414646820415022,1.1307888725818378,0.8853461538891717,1.0073038172872482,1.1587469523047718,0.9965056999523072,0.943403609398818,1.0204770954008744,0.9699164127521613,1.1032302860046488,1.181201675509581
0.7639034071285814,0.7091332040255582,0.7403471460722247,0.8494512202195641,0.7169202955389151,0.7460642162797718,0.7406531876131106,0.7292585011556036,0.7859473321071156,0.7268507981600454,0.7076197914001441,0.8709040492409802,0.8014013799514995,0.8377953448906392,0.7888218159074566,0.7601633000315319,0.7608580912947761,1.1897537464576835,1.0429701742293211,1.0366585735719613,1.13201765804148,1.1398026844447104,0.9011307813884143,1.0198601343720577,1.1562477561516555,0.999791594182136,0.9177681442653942,1.0281658717158613,0.9723795850500558,1.0990597201552912,1.1769833172005646
0.7629907962984868,0.706042940665349,0.7371680951832782,0.8457192070296793,0.7202575023171761,0.7484606512992376,0.7402988463456904,0.7278528434512455,0.7866486976184391,0.7373666261160469,0.7167363321782834,0.8624739593970369,0.7924956978549722,0.8267381201059602,0.7803672924367128,0.7647038788386433,0.7598117915752403,1.1793126293942082,1.0596474883502558,1.049599057196963,1.1025811529036167,1.1394557024997596,0.9385439817743308,0.9960482617205815,1.1503341658315784,0.9996787597730188,0.9605275088215338,1.051011607020956,0.9531804237108118,1.1000067382752032,1.185376471303948
0.7654212751446532,0.7071370627383368,0.7387028960489826,0.8529472474332643,0.7214774609775629,0.7529844217956735,0.7394612486634435,0.754332206071675,0.7817666713244883,0.7295472631891284,0.7011030808833109,0.8547507463652386,0.7962929084835497,0.7776563618109441,0.7883633630405705,0.7663594459517175,0.758967860549802,1.1805134747956163,1.0856027391563294,1.0492985668941954,1.129196918834015,1.163240883042963,0.9753317225559225,0.9637275592946924,1.1523834910979003,1.0055854368043646,1.0304207629705517,1.0683967495476523,0.9778089794718043,1.101869569121139,1.1901263506942297
0.7649246111969086,0.7067518202452479,0.7350677657906302,0.8489513869502793,0.7196170494747834,0.7452244264200943,0.7375768950557704,0.748672688470317,0.7752109855409783,0.7244610529974589,0.6682475849243754,0.831075746679898,0.7925613516247003,0.77464178239673,0.7869037225815115,0.7626737136358648,0.7501095038249053,1.180387386138756,1.0951986392337107,1.0433490041312825,1.1545240045968634,1.143668995824001,0.9547002348159562,0.9667765010743541,1.1369148694511726,1.009216893379055,0.9807987478946221,1.0444225716914348,0.988875561716914,1.0949544475964381,1.1869399207207747
0.7644707896331139,0.7090267690469446,0.7367057027197479,0.8457940288129192,0.7270804072174126,0.7532237726833846,0.7358268780084071,0.7489445971837235,0.7710273507368198,0.7219379999080411,0.6590713083319056,0.8213491735884926,0.7873156162628258,0.784332156015449,0.7730978009370953,0.7311213725059846,0.7725152264821342,1.1688618598638847,1.0781859703902057,1.041981712203507,1.1472026305828324,1.1164505523187238,0.9114369446536523,0.9847789991057097,1.1242098809592762,1.019506762903676,0.9157229909990415,1.0337945523344434,0.9875194635649819,1.0888293637673858,1.1879569721905634
0.7623860228793264,0.7124970530063023,0.7336548667225242,0.8502681729070812,0.7269526396054776,0.762011791421469,0.7375809036633866,0.7674653586114709,0.7606201136144386,0.7126718376143423,0.664330105114549,0.7995013087725723,0.7886163191837136,0.7687681426318818,0.7737872224585268,0.7211443685416932,0.806253757040256,1.1657379545511837,1.0650912669183592,1.0519605499384561,1.1362778545449441,1.1294729957294185,0.8963440453909827,1.0068194153760703,1.1293479533995936,1.0088604012540632,0.947522261590844,1.049683023609346,0.9822655150904954,1.0978519193118563,1.1785814687812133
0.7563579899118821,0.7068912858484275,0.7310333797646498,0.8398145497818625,0.718832934317192,0.7538989989177968,0.7406744118291748,0.7471181204353969,0.7688910708132893,0.696549046396047,0.6917694678216401,0.7809118925196771,0.7912461156196807,0.77300103380278,0.7808014016114782,0.7567940269376098,0.8053154270373684,1.1582273118645585,1.0669157700128256,1.052100360671059,1.1271234433761623,1.1241151692160767,0.8931717720557131,1.00249577558502,1.1393162034146607,1.0108023754255175,0.9717794899763704,1.0564858962057102,0.9740164092669547,1.0957393074537964,1.1574822585338336
0.7560880269146875,0.7024136301749063,0.7332563998839828,0.8436112866044997,0.7045061332016269,0.7499513676114503,0.743802936950015,0.7385596864329436,0.7750396338847054,0.7042651952807945,0.693265733075916,0.8182627102404453,0.7862725883519593,0.7966246609749591,0.7850710901959239,0.7494298021690764,0.7927185716307835,1.144613449241366,1.0742058902124763,1.0544605749682354,1.116968849570568,1.1337852161666846,0.9030049639504454,1.0027678475607595,1.1272519724266117,1.0232980302810437,0.9704600461848977,1.035263396830997,0.96076646946677,1.093761091467746,1.157969975071864
0.7603711443542216,0.7037611587606378,0.7304986782834411,0.8626645105115268,0.7058093511942244,0.7785935719628421,0.7447058292779395,0.7568778588344729,0.7792031562709663,0.7266076861325018,0.7038814513345512,0.8513875408793851,0.7994863215746381,0.7872644693561193,0.7892465062275205,0.7553554009820803,0.7845802098751697,1.1358690664462765,1.055570534487663,1.0401944315238385,1.1194056910990375,1.1563101583786806,0.9285527567954344,0.9821964417965015,1.097316309900897,1.0043385865413827,0.959877838236958,1.0428042386329697,0.9451515739927648,1.080221800565588,1.154172023046648
0.7644294618640877,0.7041609270135175,0.7292971501508735,0.8636009312261755,0.7213418530570213,0.7806456550384414,0.7408536064732041,0.7555716180050875,0.7822906462114732,0.7118593830052997,0.7086349666172044,0.8314787562763254,0.7855680037726099,0.7743853481369626,0.7846853389825028,0.7716824045375433,0.7774217939021305,1.1438733569335358,1.0572684705534439,1.031965422337502,1.1366441911142966,1.1693029108876787,0.9502454858224704,0.9795105787466076,1.0868264835236845,0.990459836058185,0.9479758690877148,1.0451947101662837,0.9717281181953838,1.0592168708725358,1.1486122002564034
0.7604911815404226,0.70148010349333,0.7274712894867714,0.8436225942089429,0.7061819197104067,0.7505615370215146,0.738787048885607,0.7299979194822315,0.7848110500439006,0.7018686480790073,0.6984906136693396,0.834718699821298,0.7856613068058357,0.7886833785633244,0.7804841379586009,0.771202178040294,0.7731012166253732,1.1426778142127283,1.0516684010361657,1.0278511424617767,1.1085080535974403,1.1157321787469359,0.8598214210178957,0.940981158201777,1.0623593371954676,0.9795703702248088,0.9090222483459837,1.016735224608105,0.9654044299036042,1.0504703482972928,1.1446259526223952
0.7554676626733724,0.6997869178702925,0.72357447652515,0.844144521085307,0.6976729419060833,0.7434111173138546,0.7369816080325887,0.7265565756438206,0.7880470605650994,0.7115214756409012,0.6980837199881248,0.8529932979672072,0.8119954130486902,0.7868357011210972,0.7864957614242846,0.7682383515556619,0.7680098573015219,1.1391612855467466,1.06720166187582,1.0369907486461787,1.0935146894479977,1.0926062569348978,0.8521604238066903,0.9504376996111619,1.0576837630212543,1.0013557055639661,0.9350600929540469,1.0298379707109817,0.9529656564538024,1.0605434842620163,1.1425729872376202
0.7560993131500257,0.6977432383681434,0.7240517631173753,0.8513870479938282,0.7038093166270932,0.7515990251738477,0.7348025559756742,0.7421379552050227,0.7782584649965566,0.6953121801636647,0.6690501978631413,0.830549952361441,0.8061468634502574,0.7530613284722002,0.7799572323335903,0.7546179828328874,0.7546533361025974,1.134347770615551,1.0982405830144846,1.0560731710190967,1.1232873772259941,1.135328469844243,0.9201498989000028,0.9865506279025287,1.0723026604358021,1.0168675590599814,1.005628612461792,1.025189237315529,0.9723064223152122,1.0530835470806363,1.1479262017996832
0.7573855841368351,0.6942874341859439,0.7211903599160654,0.8440710124342927,0.6998840351453326,0.7491244186155941,0.7377024225022625,0.7462222254150603,0.7681032971406159,0.6834775783413529,0.6588505052424908,0.8247017475526204,0.8185938241414633,0.7457104921153005,0.7658609517064295,0.7382469359662108,0.7608259225578311,1.1225167755280947,1.0778385310882341,1.0531424301814158,1.1361874002396555,1.137952464218444,0.8979063054339842,0.9646592362694916,1.0835739903985502,1.0191514595644684,1.035441238998507,1.0029559788588889,0.975128927442279,1.0435660211893294,1.151065743996183
0.7603596221885438,0.6920722748259628,0.7193275109408975,0.8521222556193246,0.6986899734315286,0.7360684469890234,0.7381130449601762,0.7504302163526664,0.7756344374168855,0.6803465136036125,0.6786845224338951,0.840347136925358,0.8219794069569945,0.7864336287668735,0.7738265305908185,0.7378907891818554,0.7679505119589225,1.124360910641337,1.0505022442199972,1.053661016331495,1.107070758704803,1.0969889787548401,0.8978038550882427,0.9743262397775574,1.0859913135760961,1.0023886692498005,0.9911410853896178,1.0158755157548793,0.9557672101352789,1.0478208880422282,1.1457116428728895
0.7627083565684728,0.6959773535046773,0.717218311412339,0.8421165851429498,0.6992171620003408,0.7403931004861519,0.7333187338793167,0.7334122852792928,0.7996599357977081,0.6987613204715437,0.6860003130176474,0.8223363378537344,0.8117460863393662,0.8022552878781757,0.7888779882119724,0.7567158423312976,0.7630631615773017,1.119321193590572,1.029163261976545,1.0526217024236433,1.1217170758207562,1.0975608884317853,0.8919937353598723,0.9600259666158982,1.0632218527988953,0.9690476534079591,0.9259632379518107,1.0194557507805304,0.9448751445876296,1.035645609606203,1.1249046558350753
0.7612721712939474,0.6991201684446132,0.717339148154809,0.8395981962655519,0.7006643732744382,0.7496329960923716,0.7330761164050252,0.7180274480400758,0.8100660777574102,0.711779506121019,0.6862370030422479,0.7874101676778953,0.7931959748254881,0.7725530413273912,0.7925321672125796,0.7538673456091881,0.7613848895621288,1.1220243431089112,1.047819331696473,1.0449285088890767,1.1502148734291104,1.121881410557415,0.9027543537309729,0.9542603855837627,1.0633009379115022,0.9934288307034147,0.9495558342077829,1.0290567380029245,0.9539278991008132,1.0410658704497215,1.1230670906299254
0.7622235058385434,0.6963831833586539,0.7226681827986806,0.8655811762960108,0.7090452664203957,0.7538897980998478,0.7355241156546597,0.7421751744924316,0.8123968106728646,0.7013618758541912,0.6842412969645234,0.8186451147268821,0.786961335100902,0.7612807052892906,0.7960562817724564,0.7631962454946754,0.75784397592871,1.1200207261268351,1.0841076181415892,1.0449169699006158,1.133452139565041,1.109366579423387,0.9279250650119245,0.9940398486947775,1.0776761433046222,1.0182775548191074,1.007065483461191,1.056344650889802,0.9779055766316004,1.0566601603879509,1.1291599945335125
0.7637524739991036,0.6922046414934044,0.7192691520114053,0.8709824575243712,0.7168626353147222,0.757666638523264,0.7339391785382573,0.7418288491397205,0.815914205456307,0.7153455313421931,0.6964933313464091,0.8706601341931203,0.8089086445949172,0.7888195049971591,0.8020042372125984,0.7729156947664847,0.7613275206273055,1.1120875939075145,1.071877249177927,1.054719074158075,1.1257902805512492,1.1364632182678487,0.892328894848757,0.9827256143179652,1.080898666902896,1.0054590225188889,0.9826835659156568,1.0484429956381234,0.9923496203489572,1.0482614742317633,1.117405934153965
0.7699990773356565,0.6957044465822032,0.7151686499210863,0.8623792528052155,0.7140959044801755,0.7484193492497343,0.7320219690219008,0.7335821022348128,0.8187084595436642,0.7324050981825224,0.6941562287277394,0.8472512077394106,0.8048924829304951,0.8025870481031665,0.8083737153526259,0.7654050772910216,0.7670771240218248,1.1141101099608774,1.0479204725254823,1.063955434203775,1.1192117182799213,1.1491322900379757,0.8909394842079185,0.9444324607550204,1.0781412244437627,0.9935609885566218,0.9473028207885221,1.0263750814743795,0.9794672033255135,1.036737171980037,1.1050130366921838
0.7738108435845699,0.7013175459433345,0.7184663744837272,0.8572973195428831,0.7149462992167148,0.7495927305321298,0.7330670665685896,0.7379300146635595,0.8135748416297405,0.7245662563966011,0.6691887646693074,0.8113265762156093,0.7957042365754343,0.7875266280039898,0.8099181705071217,0.7599593256160838,0.7635758062049135,1.106485591987811,1.0651766811468482,1.063239815100459,1.116952665216008,1.1361725422510116,0.9469284007720393,0.9652492427973622,1.0715815878798058,1.002651695093777,0.9663542346631204,1.0344801503692076,0.9789467816078504,1.0518033017839727,1.1111644194373766
0.7680838426281148,0.6999166143304724,0.7189074402850215,0.8531587747794711,0.7207699359790306,0.7566005086138776,0.7327053926598294,0.7481476497850155,,,,,,,,,,1.0996144252298465,1.0728193469523344,1.062792746926317,1.1139426595967385,1.1460386733485046,0.9641703395236878,0.9821338836330907,1.0676603356272303,1.0071901506568606,0.9990347743999991,1.0570185894026196,0.979007577252948,1.0615944601521852,1.1184540310513393
0.770962112454096,0.7046044002908297,0.7131247806839341,0.8560808746399982,0.7286979441238061,0.7464932679324631,0.7298470165257325,0.7442215933390659,,,,,,,,,,1.1031257526808314,1.066867774833402,1.053959792727128,1.122808707917348,1.1498297244437534,0.9412919634077326,1.0007129110317103,1.0637854930934052,1.0104005379927476,1.0148304483593797,1.0634715965605974,0.9795629817893469,1.0541305697810823,1.1258286210062747
